Amount Requested,Application Date,Loan Title,Risk_Score,Debt-To-Income Ratio,Zip Code,State,Employment Length,Policy Code
"20000.00","2017-01-01","debt_consolidation","","0%","316xx","GA","n/a","0"
"15000.00","2017-01-01","home_improvement","","0.58%","190xx","PA","< 1 year","0"
"1000.00","2017-01-01","Debt consolidation","528","0%","775xx","TX","< 1 year","0"
"2500.00","2017-01-01","car","","1.7%","199xx","DE","5 years","0"
"6000.00","2017-01-01","credit_card","","2.93%","761xx","TX","5 years","0"
"10000.00","2017-01-01","debt_consolidation","","-1%","358xx","AL","< 1 year","0"
"15000.00","2017-01-01","debt_consolidation","","1.74%","190xx","PA","< 1 year","0"
"5000.00","2017-01-01","debt_consolidation","","257.83%","462xx","IN","< 1 year","0"
"1000.00","2017-01-01","other","","44.36%","302xx","GA","5 years","0"
"30000.00","2017-01-01","home_improvement","","2.85%","293xx","SC","< 1 year","0"
"15000.00","2017-01-01","debt_consolidation","","13.01%","310xx","GA","< 1 year","0"
"10000.00","2017-01-01","medical","","13.47%","982xx","WA","5 years","0"
"6000.00","2017-01-01","home_improvement","","17.95%","851xx","AZ","< 1 year","0"
"3000.00","2017-01-01","Debt consolidation","658","4.84%","100xx","NY","< 1 year","0"
"1000.00","2017-01-01","other","","-1%","543xx","WI","5 years","0"
"20000.00","2017-01-01","Debt consolidation","594","11.99%","221xx","VA","< 1 year","0"
"2000.00","2017-01-01","debt_consolidation","","0%","935xx","CA","< 1 year","0"
"1000.00","2017-01-01","Other","650","0%","982xx","WA","< 1 year","0"
"3000.00","2017-01-01","car","","13.09%","928xx","CA","5 years","0"
"20000.00","2017-01-01","major_purchase","","43.26%","342xx","FL","< 1 year","0"
"1250.00","2017-01-01","Debt consolidation","622","27.44%","300xx","GA","< 1 year","0"
"4000.00","2017-01-01","Other","676","8.9%","170xx","PA","< 1 year","0"
"20000.00","2017-01-01","Debt consolidation","633","13.4%","322xx","FL","< 1 year","0"
"5500.00","2017-01-01","debt_consolidation","","24.08%","027xx","MA","< 1 year","0"
"4500.00","2017-01-01","Credit card refinancing","636","23.36%","587xx","ND","< 1 year","0"
"15000.00","2017-01-01","Medical expenses","751","0.77%","934xx","CA","< 1 year","0"
"8000.00","2017-01-01","debt_consolidation","","42.23%","493xx","MI","5 years","0"
"3300.00","2017-01-01","car","","2.6%","237xx","VA","< 1 year","0"
"7000.00","2017-01-01","credit_card","","17.63%","333xx","FL","5 years","0"
"12000.00","2017-01-01","other","","5.25%","173xx","PA","< 1 year","0"
"20000.00","2017-01-01","debt_consolidation","","-1%","801xx","CO","< 1 year","0"
"10000.00","2017-01-01","other","","24.22%","970xx","OR","< 1 year","0"
"30000.00","2017-01-01","Debt consolidation","706","24.12%","166xx","PA","< 1 year","0"
"15000.00","2017-01-01","debt_consolidation","","-1%","644xx","MO","5 years","0"
"30000.00","2017-01-01","credit_card","","-1%","998xx","AK","5 years","0"
"15000.00","2017-01-01","debt_consolidation","","-1%","983xx","WA","n/a","0"
"1500.00","2017-01-01","other","","-1%","366xx","AL","5 years","0"
"1000.00","2017-01-01","house","","6.25%","718xx","AR","n/a","0"
"10000.00","2017-01-01","debt_consolidation","","32.65%","700xx","LA","< 1 year","0"
"40000.00","2017-01-01","debt_consolidation","","51.2%","480xx","MI","< 1 year","0"
"10000.00","2017-01-01","Credit card refinancing","613","28.68%","933xx","CA","< 1 year","0"
"8425.00","2017-01-01","Car financing","754","100%","921xx","CA","< 1 year","0"
"25000.00","2017-01-01","car","","66.26%","314xx","GA","< 1 year","0"
"40000.00","2017-01-01","debt_consolidation","","24.47%","782xx","TX","< 1 year","0"
"20000.00","2017-01-01","debt_consolidation","","30.91%","076xx","NJ","n/a","0"
"7700.00","2017-01-01","debt_consolidation","","9.19%","117xx","NY","< 1 year","0"
"2500.00","2017-01-01","Debt consolidation","554","7.69%","077xx","NJ","< 1 year","0"
"5000.00","2017-01-01","debt_consolidation","","11.15%","630xx","MO","< 1 year","0"
"6000.00","2017-01-01","Debt consolidation","675","26.17%","457xx","OH","< 1 year","0"
"5000.00","2017-01-01","Home improvement","611","37.97%","925xx","CA","< 1 year","0"
"300000.00","2017-01-01","Business Loan","","-1%","462xx","IN","< 1 year","0"
"5000.00","2017-01-01","debt_consolidation","","10.18%","117xx","NY","< 1 year","0"
"20000.00","2017-01-01","Debt consolidation","620","39.93%","913xx","CA","< 1 year","0"
"5000.00","2017-01-01","debt_consolidation","","11.09%","986xx","WA","< 1 year","0"
"1000.00","2017-01-01","Moving and relocation","547","18.49%","983xx","WA","< 1 year","0"
"10000.00","2017-01-01","debt_consolidation","","9.64%","633xx","MO","5 years","0"
"20000.00","2017-01-01","other","","30.03%","276xx","NC","< 1 year","0"
"30000.00","2017-01-01","home_improvement","","9.48%","080xx","NJ","< 1 year","0"
"1500.00","2017-01-01","other","","-1%","274xx","NC","< 1 year","0"
"6000.00","2017-01-01","debt_consolidation","","18.38%","553xx","MN","< 1 year","0"
"20000.00","2017-01-01","house","","0%","291xx","SC","n/a","0"
"35000.00","2017-01-01","Debt consolidation","649","22.68%","114xx","NY","< 1 year","0"
"35000.00","2017-01-01","other","","25.1%","605xx","IL","5 years","0"
"13000.00","2017-01-01","debt_consolidation","","11.23%","084xx","NJ","< 1 year","0"
"1200.00","2017-01-01","debt_consolidation","","0%","945xx","CA","5 years","0"
"10000.00","2017-01-01","other","","2.61%","112xx","NY","5 years","0"
"10000.00","2017-01-01","debt_consolidation","","11.1%","775xx","TX","< 1 year","0"
"1000.00","2017-01-01","Debt consolidation","578","0.54%","346xx","FL","< 1 year","0"
"30000.00","2017-01-01","Home buying","698","0.75%","496xx","MI","< 1 year","0"
"5000.00","2017-01-01","debt_consolidation","","23.95%","370xx","TN","< 1 year","0"
"30000.00","2017-01-01","Credit card refinancing","778","46.48%","805xx","CO","< 1 year","0"
"15000.00","2017-01-01","Debt consolidation","","14.29%","372xx","TN","n/a","0"
"14000.00","2017-01-01","Debt consolidation","668","10.84%","752xx","TX","< 1 year","0"
"1000.00","2017-01-01","small_business","","-1%","403xx","KY","< 1 year","0"
"10000.00","2017-01-01","debt_consolidation","","29.88%","927xx","CA","< 1 year","0"
"2000.00","2017-01-01","Debt consolidation","647","14.4%","785xx","TX","< 1 year","0"
"5000.00","2017-01-01","other","","7.52%","421xx","KY","< 1 year","0"
"10000.00","2017-01-01","other","","15.32%","113xx","NY","< 1 year","0"
"2000.00","2017-01-01","credit_card","","14.13%","456xx","OH","n/a","0"
"10000.00","2017-01-01","Business","706","14.92%","852xx","AZ","< 1 year","0"
"1000.00","2017-01-01","debt_consolidation","","15.09%","604xx","IL","< 1 year","0"
"35000.00","2017-01-01","home_improvement","","-1%","930xx","CA","5 years","0"
"3000.00","2017-01-01","Debt consolidation","556","23.41%","235xx","VA","< 1 year","0"
"1500.00","2017-01-01","home_improvement","","4.96%","457xx","OH","< 1 year","0"
"6000.00","2017-01-01","medical","","46.95%","139xx","NY","5 years","0"
"5000.00","2017-01-01","Business","618","1.22%","760xx","TX","< 1 year","0"
"5000.00","2017-01-01","debt_consolidation","","32.71%","361xx","AL","5 years","0"
"10000.00","2017-01-01","Major purchase","659","0.83%","104xx","NY","< 1 year","0"
"4000.00","2017-01-01","other","","-1%","133xx","NY","5 years","0"
"15000.00","2017-01-01","Business","535","31.06%","707xx","LA","< 1 year","0"
"10000.00","2017-01-01","Major purchase","704","7.51%","104xx","NY","< 1 year","0"
"13000.00","2017-01-01","car","","-1%","810xx","CO","5 years","0"
"2000.00","2017-01-01","Other","688","4.15%","652xx","MO","< 1 year","0"
"5000.00","2017-01-01","debt_consolidation","","65.45%","606xx","IL","< 1 year","0"
"20000.00","2017-01-01","Medical expenses","611","51.77%","917xx","CA","< 1 year","0"
"30000.00","2017-01-01","Credit card refinancing","811","116.77%","953xx","CA","< 1 year","0"
"1500.00","2017-01-01","debt_consolidation","","21.86%","945xx","CA","< 1 year","0"
"7500.00","2017-01-01","debt_consolidation","","38.4%","352xx","AL","< 1 year","0"
"10000.00","2017-01-01","debt_consolidation","","28.21%","704xx","LA","< 1 year","0"
"10000.00","2017-01-01","moving","","18.2%","871xx","NM","n/a","0"
"3000.00","2017-01-01","Other","524","5.54%","293xx","SC","< 1 year","0"
"5000.00","2017-01-01","Debt consolidation","574","33.08%","112xx","NY","< 1 year","0"
"10000.00","2017-01-01","Major purchase","886","1.17%","940xx","CA","< 1 year","0"
"3500.00","2017-01-01","major_purchase","","4.14%","060xx","CT","5 years","0"
"5000.00","2017-01-01","moving","","0%","751xx","TX","< 1 year","0"
"5000.00","2017-01-01","debt_consolidation","","6.88%","805xx","CO","< 1 year","0"
"9000.00","2017-01-01","Debt consolidation","618","113.12%","362xx","AL","< 1 year","0"
"1000.00","2017-01-01","debt_consolidation","","37.2%","551xx","MN","< 1 year","0"
"3000.00","2017-01-01","car","","13.84%","187xx","PA","< 1 year","0"
"20000.00","2017-01-01","credit_card","","16.83%","950xx","CA","5 years","0"
"35000.00","2017-01-01","Home improvement","659","5.92%","330xx","FL","< 1 year","0"
"2000.00","2017-01-01","home_improvement","","21.68%","112xx","NY","< 1 year","0"
"27000.00","2017-01-01","credit_card","","-1%","940xx","CA","5 years","0"
"5000.00","2017-01-01","moving","","203.37%","233xx","VA","< 1 year","0"
"7000.00","2017-01-01","credit_card","","37.63%","891xx","NV","5 years","0"
"30000.00","2017-01-01","Debt consolidation","575","32.55%","067xx","CT","< 1 year","0"
"10000.00","2017-01-01","Debt consolidation","601","29.58%","750xx","TX","< 1 year","0"
"40000.00","2017-01-01","Major purchase","653","7.1%","368xx","AL","< 1 year","0"
"1000.00","2017-01-01","small_business","","97.36%","907xx","CA","< 1 year","0"
"35000.00","2017-01-01","credit_card","","-1%","968xx","HI","5 years","0"
"5025.00","2017-01-01","credit_card","","13.01%","952xx","CA","5 years","0"
"18400.00","2017-01-01","Car financing","641","100%","766xx","TX","< 1 year","0"
"4000.00","2017-01-01","credit_card","","18.77%","270xx","NC","5 years","0"
"30000.00","2017-01-01","credit_card","","22.14%","926xx","CA","< 1 year","0"
"6000.00","2017-01-01","Debt consolidation","590","32.89%","532xx","WI","< 1 year","0"
"10000.00","2017-01-01","debt_consolidation","","6.89%","328xx","FL","< 1 year","0"
"6000.00","2017-01-01","other","","7.8%","729xx","AR","5 years","0"
"8000.00","2017-01-01","Debt consolidation","577","26.24%","296xx","SC","< 1 year","0"
"8000.00","2017-01-01","major_purchase","","3.42%","542xx","WI","5 years","0"
"36000.00","2017-01-01","other","","12.2%","913xx","CA","< 1 year","0"
"35000.00","2017-01-01","home_improvement","","28.08%","185xx","PA","n/a","0"
"2500.00","2017-01-01","other","","25.29%","042xx","ME","< 1 year","0"
"10000.00","2017-01-01","Credit card refinancing","620","16.04%","853xx","AZ","< 1 year","0"
"25000.00","2017-01-01","credit_card","","46.28%","996xx","AK","n/a","0"
"5000.00","2017-01-01","Debt consolidation","690","4.65%","186xx","PA","< 1 year","0"
"5000.00","2017-01-01","credit_card","","8.35%","984xx","WA","5 years","0"
"6500.00","2017-01-01","Debt consolidation","563","16.33%","376xx","TN","< 1 year","0"
"10000.00","2017-01-01","debt_consolidation","","38.56%","454xx","OH","< 1 year","0"
"5000.00","2017-01-01","car","","6.05%","371xx","TN","< 1 year","0"
"1000.00","2017-01-01","home_improvement","","6.8%","379xx","TN","< 1 year","0"
"30000.00","2017-01-01","home_improvement","","26.64%","436xx","OH","< 1 year","0"
"20000.00","2017-01-01","debt_consolidation","","22.91%","600xx","IL","n/a","0"
"25000.00","2017-01-01","debt_consolidation","","3.35%","937xx","CA","5 years","0"
"15000.00","2017-01-01","Debt consolidation","593","28.46%","483xx","MI","< 1 year","0"
"30000.00","2017-01-01","Business","635","10.35%","982xx","WA","< 1 year","0"
"35000.00","2017-01-01","credit_card","","53.45%","967xx","HI","5 years","0"
"3000.00","2017-01-01","other","","2.12%","471xx","IN","< 1 year","0"
"7000.00","2017-01-01","debt_consolidation","645","39.67%","409xx","KY","< 1 year","0"
"1000.00","2017-01-01","other","","1.3%","481xx","MI","5 years","0"
"7000.00","2017-01-01","debt_consolidation","","23.74%","492xx","MI","< 1 year","0"
"5000.00","2017-01-01","debt_consolidation","","41.73%","200xx","DC","5 years","0"
"8000.00","2017-01-01","credit_card","","20.4%","953xx","CA","5 years","0"
"10000.00","2017-01-01","car","","-1%","322xx","FL","< 1 year","0"
"40000.00","2017-01-01","Green loan","768","7.56%","376xx","TN","< 1 year","0"
"1000.00","2017-01-01","medical","","23.73%","604xx","IL","< 1 year","0"
"40000.00","2017-01-01","other","","12.66%","303xx","GA","< 1 year","0"
"4000.00","2017-01-01","credit_card","","11.82%","300xx","GA","5 years","0"
"15000.00","2017-01-01","Debt consolidation","580","24.7%","864xx","AZ","< 1 year","0"
"1000.00","2017-01-01","debt_consolidation","","1.5%","232xx","VA","5 years","0"
"1000.00","2017-01-01","credit_card","","8.07%","319xx","GA","< 1 year","0"
"3175.00","2017-01-01","major_purchase","","-1%","970xx","OR","< 1 year","0"
"1000.00","2017-01-01","car","","0%","837xx","ID","5 years","0"
"4000.00","2017-01-01","other","","1.94%","100xx","NY","< 1 year","0"
"25000.00","2017-01-01","Green loan","768","9.85%","376xx","TN","< 1 year","0"
"10000.00","2017-01-01","debt_consolidation","","3.32%","707xx","LA","< 1 year","0"
"15000.00","2017-01-01","debt_consolidation","","41.88%","684xx","NE","< 1 year","0"
"10000.00","2017-01-01","small_business","","-1%","302xx","GA","< 1 year","0"
"4000.00","2017-01-01","credit_card","","25.57%","488xx","MI","5 years","0"
"40000.00","2017-01-01","Home improvement","633","26.01%","019xx","MA","< 1 year","0"
"6000.00","2017-01-01","Debt consolidation","572","30.19%","880xx","NM","< 1 year","0"
"2000.00","2017-01-01","debt_consolidation","","22.76%","729xx","AR","5 years","0"
"3000.00","2017-01-01","debt_consolidation","","16.68%","104xx","NY","< 1 year","0"
"1500.00","2017-01-01","credit_card","","15.25%","233xx","VA","5 years","0"
"2000.00","2017-01-01","Debt consolidation","660","17.6%","402xx","KY","< 1 year","0"
"1000.00","2017-01-01","Home buying","581","22.94%","497xx","MI","< 1 year","0"
"10000.00","2017-01-01","Debt consolidation","893","69.48%","750xx","TX","< 1 year","0"
"5000.00","2017-01-01","debt_consolidation","","11.91%","322xx","FL","n/a","0"
"28000.00","2017-01-01","house","","9.4%","800xx","CO","5 years","0"
"3000.00","2017-01-01","vacation","","16.2%","300xx","GA","< 1 year","0"
"5500.00","2017-01-01","Car financing","","100%","852xx","AZ","< 1 year","0"
"15000.00","2017-01-01","house","","7.49%","294xx","SC","5 years","0"
"3000.00","2017-01-01","debt_consolidation","","22.48%","402xx","KY","< 1 year","0"
"8000.00","2017-01-01","debt_consolidation","","16.23%","208xx","MD","< 1 year","0"
"15000.00","2017-01-01","credit_card","","15.92%","891xx","NV","5 years","0"
"35000.00","2017-01-01","major_purchase","","10.17%","825xx","WY","< 1 year","0"
"4500.00","2017-01-01","car","","12.6%","038xx","NH","n/a","0"
"5000.00","2017-01-01","Debt consolidation","528","0%","611xx","IL","< 1 year","0"
"2000.00","2017-01-01","moving","","-1%","370xx","TN","5 years","0"
"10000.00","2017-01-01","Business","521","18.33%","190xx","PA","< 1 year","0"
"10000.00","2017-01-01","debt_consolidation","","23.42%","423xx","KY","< 1 year","0"
"40000.00","2017-01-01","Home buying","612","8.36%","316xx","GA","< 1 year","0"
"30000.00","2017-01-01","Business Loan","","-1%","980xx","WA","< 1 year","0"
"1000.00","2017-01-01","debt_consolidation","","0.59%","491xx","MI","< 1 year","0"
"6000.00","2017-01-01","debt_consolidation","","14.16%","744xx","OK","5 years","0"
"5000.00","2017-01-01","Medical expenses","715","55.37%","937xx","CA","< 1 year","0"
"10000.00","2017-01-01","Debt consolidation","768","9.85%","376xx","TN","< 1 year","0"
"1000.00","2017-01-01","moving","","19.24%","945xx","CA","5 years","0"
"1000.00","2017-01-01","house","","17.23%","432xx","OH","5 years","0"
"1500.00","2017-01-01","Major purchase","623","0%","162xx","PA","< 1 year","0"
"40000.00","2017-01-01","Major purchase","685","4.56%","770xx","TX","< 1 year","0"
"40000.00","2017-01-01","Home buying","643","19.83%","782xx","TX","< 1 year","0"
"10000.00","2017-01-01","Credit card refinancing","666","29.28%","902xx","CA","< 1 year","0"
"21500.00","2017-01-01","major_purchase","","1.42%","137xx","NY","5 years","0"
"2500.00","2017-01-01","Other","503","19.18%","967xx","HI","< 1 year","0"
"10000.00","2017-01-01","debt_consolidation","","14.6%","945xx","CA","5 years","0"
"7200.00","2017-01-01","credit_card","","17.65%","104xx","NY","< 1 year","0"
"10000.00","2017-01-01","debt_consolidation","","77.25%","320xx","FL","< 1 year","0"
"15000.00","2017-01-01","Debt consolidation","600","19.15%","294xx","SC","< 1 year","0"
"1000.00","2017-01-01","other","","1.15%","016xx","MA","5 years","0"
"40000.00","2017-01-01","Home improvement","","100%","296xx","SC","< 1 year","0"
"2000.00","2017-01-01","Debt consolidation","","15.45%","402xx","KY","2 years","0"
"1500.00","2017-01-01","vacation","","40.97%","992xx","WA","5 years","0"
"4000.00","2017-01-01","Car financing","","9.36%","923xx","CA","3 years","0"
"25000.00","2017-01-01","debt_consolidation","","47.49%","296xx","SC","< 1 year","0"
"15000.00","2017-01-01","car","","7.39%","581xx","ND","< 1 year","0"
"2500.00","2017-01-01","debt_consolidation","","4%","155xx","PA","< 1 year","0"
"15000.00","2017-01-01","debt_consolidation","","25.17%","905xx","CA","5 years","0"
"6500.00","2017-01-01","credit_card","","-1%","926xx","CA","5 years","0"
"5000.00","2017-01-01","debt_consolidation","","-1%","486xx","MI","< 1 year","0"
"2500.00","2017-01-01","debt_consolidation","","11.04%","324xx","FL","< 1 year","0"
"1000.00","2017-01-01","other","","1%","366xx","AL","< 1 year","0"
"25000.00","2017-01-01","credit_card","","55.97%","782xx","TX","n/a","0"
"10000.00","2017-01-01","Other","758","6.94%","069xx","CT","< 1 year","0"
"15000.00","2017-01-01","home_improvement","","16.08%","342xx","FL","< 1 year","0"
"10000.00","2017-01-01","other","","1000%","920xx","CA","< 1 year","0"
"35000.00","2017-01-01","home_improvement","","-1%","980xx","WA","n/a","0"
"40000.00","2017-01-01","other","","47.5%","390xx","MS","< 1 year","0"
"1000.00","2017-01-01","Other","591","100%","856xx","AZ","< 1 year","0"
"35000.00","2017-01-01","debt_consolidation","","39.83%","190xx","PA","< 1 year","0"
"1000.00","2017-01-01","Medical expenses","531","17.13%","790xx","TX","< 1 year","0"
"1000.00","2017-01-01","Other","524","0.6%","179xx","PA","< 1 year","0"
"7000.00","2017-01-01","debt_consolidation","","45.47%","902xx","CA","5 years","0"
"10000.00","2017-01-01","Car financing","","100%","040xx","ME","< 1 year","0"
"40000.00","2017-01-01","other","","4.76%","020xx","MA","< 1 year","0"
"8000.00","2017-01-01","Debt consolidation","657","8.1%","891xx","NV","< 1 year","0"
"15000.00","2017-01-01","moving","","0%","919xx","CA","5 years","0"
"1000.00","2017-01-01","other","","71.08%","765xx","TX","5 years","0"
"2000.00","2017-01-01","debt_consolidation","","14.91%","853xx","AZ","< 1 year","0"
"10000.00","2017-01-01","Home buying","705","7.61%","023xx","MA","< 1 year","0"
"21000.00","2017-01-01","debt_consolidation","","2.85%","420xx","KY","< 1 year","0"
"10000.00","2017-01-01","debt_consolidation","","14.5%","388xx","MS","< 1 year","0"
"20000.00","2017-01-01","credit_card","","33.14%","590xx","MT","5 years","0"
"2000.00","2017-01-01","car","","12.46%","809xx","CO","5 years","0"
"10000.00","2017-01-01","Debt consolidation","592","1.78%","371xx","TN","< 1 year","0"
"10000.00","2017-01-01","debt_consolidation","","10.5%","934xx","CA","< 1 year","0"
"20000.00","2017-01-01","credit_card","","14.11%","967xx","HI","< 1 year","0"
"10000.00","2017-01-01","other","","-1%","402xx","KY","< 1 year","0"
"20000.00","2017-01-01","Debt consolidation","551","70.28%","486xx","MI","< 1 year","0"
"20000.00","2017-01-01","Debt consolidation","628","16.37%","484xx","MI","< 1 year","0"
"10000.00","2017-01-01","debt_consolidation","","18.92%","152xx","PA","< 1 year","0"
"1000.00","2017-01-01","other","","-1%","650xx","MO","< 1 year","0"
"25000.00","2017-01-01","debt_consolidation","","72.19%","586xx","ND","< 1 year","0"
"15000.00","2017-01-01","other","","2.05%","906xx","CA","5 years","0"
"20000.00","2017-01-01","Business Loan","","-1%","117xx","NY","< 1 year","0"
"3000.00","2017-01-01","Medical expenses","636","34.72%","194xx","PA","< 1 year","0"
"20000.00","2017-01-01","Debt consolidation","661","10.39%","958xx","CA","< 1 year","0"
"8000.00","2017-01-01","debt_consolidation","","32.26%","750xx","TX","< 1 year","0"
"20000.00","2017-01-01","debt_consolidation","","8.75%","467xx","IN","< 1 year","0"
"5000.00","2017-01-01","moving","577","44.96%","148xx","NY","< 1 year","0"
"15000.00","2017-01-01","Credit card refinancing","832","11.44%","334xx","FL","< 1 year","0"
"10000.00","2017-01-01","debt_consolidation","","74.54%","704xx","LA","< 1 year","0"
"10000.00","2017-01-01","debt_consolidation","","12.45%","770xx","TX","< 1 year","0"
"3000.00","2017-01-01","car","","16.97%","286xx","NC","< 1 year","0"
"30000.00","2017-01-01","other","","22.05%","083xx","NJ","< 1 year","0"
"40000.00","2017-01-01","debt_consolidation","","54.8%","416xx","KY","n/a","0"
"2000.00","2017-01-01","Moving and relocation","610","140.99%","061xx","CT","< 1 year","0"
"20000.00","2017-01-01","debt_consolidation","","21.68%","800xx","CO","< 1 year","0"
"3500.00","2017-01-01","Vacation","665","7.34%","474xx","IN","< 1 year","0"
"13500.00","2017-01-01","debt_consolidation","","23.29%","076xx","NJ","< 1 year","0"
"20000.00","2017-01-01","credit_card","","22.47%","352xx","AL","5 years","0"
"10500.00","2017-01-01","other","","11.98%","923xx","CA","5 years","0"
"1000.00","2017-01-01","Home improvement","","1.43%","330xx","FL","5 years","0"
"1000.00","2017-01-01","other","","3.7%","355xx","AL","n/a","0"
"20000.00","2017-01-01","debt_consolidation","","13.54%","430xx","OH","5 years","0"
"5000.00","2017-01-01","debt_consolidation","","-1%","481xx","MI","< 1 year","0"
"30000.00","2017-01-01","Debt consolidation","661","33.96%","394xx","MS","< 1 year","0"
"10000.00","2017-01-01","debt_consolidation","","234.86%","488xx","MI","< 1 year","0"
"2000.00","2017-01-01","moving","","1.67%","973xx","OR","< 1 year","0"
"15000.00","2017-01-01","debt_consolidation","","-1%","750xx","TX","< 1 year","0"
"3000.00","2017-01-01","other","","15660%","191xx","PA","< 1 year","0"
"10000.00","2017-01-01","debt_consolidation","","6.45%","199xx","DE","< 1 year","0"
"10000.00","2017-01-01","debt_consolidation","","10.9%","104xx","NY","< 1 year","0"
"15000.00","2017-01-01","home_improvement","","3.02%","946xx","CA","< 1 year","0"
"8000.00","2017-01-01","home_improvement","","15.27%","300xx","GA","< 1 year","0"
"1000.00","2017-01-01","other","","4.86%","301xx","GA","< 1 year","0"
"30000.00","2017-01-01","Debt consolidation","663","17.58%","770xx","TX","< 1 year","0"
"1000.00","2017-01-01","other","","-1%","751xx","TX","5 years","0"
"1000.00","2017-01-01","debt_consolidation","","58.28%","294xx","SC","5 years","0"
"1000.00","2017-01-01","car","","19.85%","303xx","GA","5 years","0"
"30000.00","2017-01-01","Debt consolidation","618","20.32%","900xx","CA","6 years","0"
"15000.00","2017-01-01","Vacation","635","5.45%","100xx","NY","< 1 year","0"
"40000.00","2017-01-01","other","","17.42%","778xx","TX","< 1 year","0"
"1000.00","2017-01-01","Other","609","24.59%","038xx","NH","< 1 year","0"
"30000.00","2017-01-01","credit_card","","-1%","301xx","GA","5 years","0"
"5000.00","2017-01-01","Credit card refinancing","575","141.67%","331xx","FL","< 1 year","0"
"5000.00","2017-01-01","moving","","52.13%","778xx","TX","< 1 year","0"
"5000.00","2017-01-01","other","","41.37%","967xx","HI","n/a","0"
"20000.00","2017-01-01","debt_consolidation","","27.24%","972xx","OR","< 1 year","0"
"45000.00","2017-01-01","Business Loan","","-1%","365xx","AL","< 1 year","0"
"10000.00","2017-01-01","debt_consolidation","","19.71%","071xx","NJ","< 1 year","0"
"15000.00","2017-01-01","debt_consolidation","","44.32%","330xx","FL","< 1 year","0"
"5000.00","2017-01-01","debt_consolidation","","15.58%","173xx","PA","< 1 year","0"
"6100.00","2017-01-01","other","","58.9%","236xx","VA","< 1 year","0"
"20000.00","2017-01-01","debt_consolidation","","168.55%","601xx","IL","n/a","0"
"10000.00","2017-01-01","credit_card","","6.96%","206xx","MD","5 years","0"
"12000.00","2017-01-01","debt_consolidation","","-1%","199xx","DE","< 1 year","0"
"1500.00","2017-01-01","other","","17.5%","291xx","SC","< 1 year","0"
"8000.00","2017-01-01","debt_consolidation","","13.21%","042xx","ME","< 1 year","0"
"8000.00","2017-01-01","debt_consolidation","","5.92%","019xx","MA","5 years","0"
"7500.00","2017-01-01","debt_consolidation","","47.6%","864xx","AZ","n/a","0"
"5000.00","2017-01-01","debt_consolidation","","15.42%","347xx","FL","< 1 year","0"
"2500.00","2017-01-01","car","","-1%","366xx","AL","< 1 year","0"
"5000.00","2017-01-01","car","","1.73%","532xx","WI","< 1 year","0"
"20000.00","2017-01-01","Car financing","498","5.68%","379xx","TN","< 1 year","0"
"10000.00","2017-01-01","home_improvement","","61.4%","300xx","GA","< 1 year","0"
"10000.00","2017-01-01","other","","0.67%","951xx","CA","< 1 year","0"
"3500.00","2017-01-01","debt_consolidation","","-1%","963xx","CA","< 1 year","0"
"5000.00","2017-01-01","other","","1.15%","324xx","FL","n/a","0"
"3000.00","2017-01-01","Home improvement","646","8.36%","706xx","LA","< 1 year","0"
"20000.00","2017-01-01","debt_consolidation","","34.97%","482xx","MI","5 years","0"
"14000.00","2017-01-01","debt_consolidation","","25.84%","335xx","FL","< 1 year","0"
"2000.00","2017-01-01","Moving and relocation","517","6.18%","636xx","MO","< 1 year","0"
"20000.00","2017-01-01","Business","647","2.47%","870xx","NM","< 1 year","0"
"5000.00","2017-01-01","debt_consolidation","","6.74%","371xx","TN","5 years","0"
"30000.00","2017-01-01","debt_consolidation","","-1%","349xx","FL","< 1 year","0"
"15000.00","2017-01-01","home_improvement","","1.25%","782xx","TX","5 years","0"
"2000.00","2017-01-01","other","","-1%","288xx","NC","< 1 year","0"
"6000.00","2017-01-01","credit_card","","20.4%","890xx","NV","5 years","0"
"1000.00","2017-01-01","other","","-1%","063xx","CT","5 years","0"
"2000.00","2017-01-01","other","","-1%","283xx","NC","< 1 year","0"
"30000.00","2017-01-01","Home improvement","771","8.03%","330xx","FL","< 1 year","0"
"10000.00","2017-01-01","debt_consolidation","","11.18%","319xx","GA","< 1 year","0"
"7000.00","2017-01-01","credit_card","","16.81%","463xx","IN","5 years","0"
"5000.00","2017-01-01","Debt consolidation","501","21%","770xx","TX","< 1 year","0"
"25000.00","2017-01-01","debt_consolidation","","1.39%","166xx","PA","< 1 year","0"
"7500.00","2017-01-01","home_improvement","","33.72%","245xx","VA","5 years","0"
"4000.00","2017-01-01","credit_card","","-1%","786xx","TX","5 years","0"
"10000.00","2017-01-01","debt_consolidation","","2.08%","226xx","VA","< 1 year","0"
"1500.00","2017-01-01","debt_consolidation","","82.44%","329xx","FL","< 1 year","0"
"20000.00","2017-01-01","debt_consolidation","","24.27%","446xx","OH","< 1 year","0"
"10000.00","2017-01-01","home_improvement","","-1%","314xx","GA","n/a","0"
"8500.00","2017-01-01","major_purchase","","15.31%","681xx","NE","< 1 year","0"
"7000.00","2017-01-01","debt_consolidation","","13.43%","212xx","MD","5 years","0"
"10000.00","2017-01-01","debt_consolidation","","12.71%","114xx","NY","< 1 year","0"
"10000.00","2017-01-01","credit_card","","23.64%","535xx","WI","5 years","0"
"6000.00","2017-01-01","debt_consolidation","","49.02%","778xx","TX","5 years","0"
"2500.00","2017-01-01","other","","7.12%","841xx","UT","< 1 year","0"
"1000.00","2017-01-01","other","","4.16%","410xx","KY","n/a","0"
"15000.00","2017-01-01","credit_card","","35.81%","760xx","TX","5 years","0"
"1000.00","2017-01-01","debt_consolidation","","40.5%","782xx","TX","n/a","0"
"3500.00","2017-01-01","credit_card","","4.29%","112xx","NY","5 years","0"
"30000.00","2017-01-01","debt_consolidation","","41.8%","060xx","CT","5 years","0"
"2000.00","2017-01-01","Major purchase","533","8.09%","350xx","AL","< 1 year","0"
"1000.00","2017-01-01","other","","0.78%","927xx","CA","< 1 year","0"
"1000.00","2017-01-01","home_improvement","","-1%","114xx","NY","5 years","0"
"10000.00","2017-01-01","debt_consolidation","","35.16%","339xx","FL","< 1 year","0"
"5000.00","2017-01-01","debt_consolidation","","24.45%","633xx","MO","5 years","0"
"3000.00","2017-01-01","debt_consolidation","","20.94%","272xx","NC","< 1 year","0"
"17000.00","2017-01-01","debt_consolidation","","-1%","431xx","OH","5 years","0"
"30000.00","2017-01-01","Home improvement","736","33.77%","112xx","NY","< 1 year","0"
"4000.00","2017-01-01","car","","15.33%","338xx","FL","5 years","0"
"18000.00","2017-01-01","debt_consolidation","","47.04%","618xx","IL","< 1 year","0"
"25000.00","2017-01-01","other","","1.16%","068xx","CT","< 1 year","0"
"2000.00","2017-01-01","other","","17.67%","801xx","CO","5 years","0"
"3200.00","2017-01-01","car","","0%","136xx","NY","5 years","0"
"15000.00","2017-01-01","car","","1%","346xx","FL","< 1 year","0"
"5000.00","2017-01-01","credit_card","","5.12%","238xx","VA","5 years","0"
"20000.00","2017-01-01","debt_consolidation","","7.35%","906xx","CA","5 years","0"
"15000.00","2017-01-01","debt_consolidation","","42.01%","773xx","TX","< 1 year","0"
"13000.00","2017-01-01","debt_consolidation","","232.35%","212xx","MD","n/a","0"
"7000.00","2017-01-01","Car financing","652","60.98%","392xx","MS","< 1 year","0"
"12000.00","2017-01-01","medical","","0%","305xx","GA","< 1 year","0"
"8000.00","2017-01-01","Debt consolidation","593","13.72%","786xx","TX","< 1 year","0"
"26000.00","2017-01-01","credit_card","","9.55%","114xx","NY","5 years","0"
"10000.00","2017-01-01","Debt consolidation","562","68.75%","370xx","TN","< 1 year","0"
"18000.00","2017-01-01","moving","","12.36%","900xx","CA","5 years","0"
"1000.00","2017-01-01","other","","2670.73%","378xx","TN","< 1 year","0"
"4000.00","2017-01-01","home_improvement","","-1%","850xx","AZ","< 1 year","0"
"7000.00","2017-01-01","other","","1.57%","104xx","NY","< 1 year","0"
"10000.00","2017-01-01","Other","665","1.93%","390xx","MS","< 1 year","0"
"6500.00","2017-01-01","debt_consolidation","","38.5%","729xx","AR","5 years","0"
"1000.00","2017-01-01","other","540","3.36%","720xx","AR","< 1 year","0"
"5500.00","2017-01-01","Debt consolidation","621","16.51%","173xx","PA","< 1 year","0"
"1000.00","2017-01-01","Car financing","524","0%","287xx","NC","< 1 year","0"
"17000.00","2017-01-01","debt_consolidation","","25.93%","688xx","NE","< 1 year","0"
"2000.00","2017-01-01","debt_consolidation","","9.92%","432xx","OH","< 1 year","0"
"1200.00","2017-01-01","Home buying","633","2.56%","809xx","CO","< 1 year","0"
"1000.00","2017-01-01","other","","-1%","452xx","OH","< 1 year","0"
"5000.00","2017-01-01","credit_card","","11.74%","800xx","CO","< 1 year","0"
"40000.00","2017-01-01","Home buying","552","0%","112xx","NY","< 1 year","0"
"1500.00","2017-01-01","credit_card","","19.76%","945xx","CA","< 1 year","0"
"35000.00","2017-01-01","other","","37.86%","775xx","TX","< 1 year","0"
"20000.00","2017-01-01","home_improvement","","21.18%","114xx","NY","< 1 year","0"
"25000.00","2017-01-01","Debt consolidation","556","0%","935xx","CA","< 1 year","0"
"10000.00","2017-01-01","debt_consolidation","","19.82%","321xx","FL","< 1 year","0"
"5000.00","2017-01-01","credit_card","","4%","333xx","FL","5 years","0"
"7200.00","2017-01-01","debt_consolidation","","-1%","329xx","FL","< 1 year","0"
"3000.00","2017-01-01","Debt consolidation","567","16.4%","271xx","NC","< 1 year","0"
"1500.00","2017-01-01","other","","51.03%","751xx","TX","< 1 year","0"
"3000.00","2017-01-01","Car financing","618","31.12%","496xx","MI","< 1 year","0"
"7500.00","2017-01-01","other","","-1%","242xx","VA","n/a","0"
"10000.00","2017-01-01","home_improvement","","42.46%","365xx","AL","< 1 year","0"
"1000.00","2017-01-01","Debt consolidation","593","2.18%","764xx","TX","< 1 year","0"
"60000.00","2017-01-01","Business Loan","","-1%","606xx","IL","< 1 year","0"
"1000.00","2017-01-01","Other","","0.86%","447xx","OH","n/a","0"
"3000.00","2017-01-01","debt_consolidation","","42.51%","212xx","MD","< 1 year","0"
"1000.00","2017-01-01","debt_consolidation","","48.56%","357xx","AL","n/a","0"
"15000.00","2017-01-01","debt_consolidation","","-1%","321xx","FL","< 1 year","0"
"1000.00","2017-01-01","medical","","19.16%","600xx","IL","5 years","0"
"5000.00","2017-01-01","Other","599","49.75%","972xx","OR","< 1 year","0"
"35000.00","2017-01-01","debt_consolidation","","-1%","777xx","TX","< 1 year","0"
"7000.00","2017-01-01","credit_card","","-1%","453xx","OH","n/a","0"
"4000.00","2017-01-01","Debt consolidation","590","28.74%","352xx","AL","< 1 year","0"
"3000.00","2017-01-01","major_purchase","","11.65%","496xx","MI","5 years","0"
"5000.00","2017-01-01","debt_consolidation","","-1%","477xx","IN","5 years","0"
"35000.00","2017-01-01","debt_consolidation","","22.16%","346xx","FL","< 1 year","0"
"4000.00","2017-01-01","debt_consolidation","","24.83%","486xx","MI","< 1 year","0"
"6000.00","2017-01-01","major_purchase","","-1%","443xx","OH","< 1 year","0"
"12000.00","2017-01-01","debt_consolidation","","39.95%","431xx","OH","< 1 year","0"
"4750.00","2017-01-01","credit_card","","-1%","325xx","FL","5 years","0"
"25000.00","2017-01-01","debt_consolidation","","26.85%","350xx","AL","< 1 year","0"
"12000.00","2017-01-01","debt_consolidation","","29.02%","245xx","VA","< 1 year","0"
"3000.00","2017-01-01","Credit card refinancing","600","27.84%","850xx","AZ","< 1 year","0"
"50000.00","2017-01-01","Business Loan","","-1%","431xx","OH","< 1 year","0"
"20000.00","2017-01-01","credit_card","","36.31%","329xx","FL","< 1 year","0"
"25000.00","2017-01-01","Debt consolidation","634","40.39%","338xx","FL","< 1 year","0"
"4000.00","2017-01-01","home_improvement","","28.26%","280xx","NC","< 1 year","0"
"8000.00","2017-01-01","debt_consolidation","","18.27%","752xx","TX","5 years","0"
"5000.00","2017-01-01","other","","57.37%","381xx","TN","5 years","0"
"30000.00","2017-01-01","debt_consolidation","","-1%","212xx","MD","5 years","0"
"8000.00","2017-01-01","debt_consolidation","","25.49%","434xx","OH","5 years","0"
"30000.00","2017-01-01","debt_consolidation","","7.43%","604xx","IL","< 1 year","0"
"5000.00","2017-01-01","other","","74.33%","773xx","TX","< 1 year","0"
"1000.00","2017-01-01","debt_consolidation","","0.83%","221xx","VA","5 years","0"
"29000.00","2017-01-01","debt_consolidation","","30.62%","604xx","IL","5 years","0"
"10500.00","2017-01-01","Credit card refinancing","668","47.82%","554xx","MN","< 1 year","0"
"1000.00","2017-01-01","Debt consolidation","583","3.05%","907xx","CA","< 1 year","0"
"10000.00","2017-01-01","home_improvement","","0%","488xx","MI","< 1 year","0"
"20000.00","2017-01-01","Credit card refinancing","639","17.27%","103xx","NY","< 1 year","0"
"40000.00","2017-01-01","Home buying","685","5.57%","330xx","FL","< 1 year","0"
"5000.00","2017-01-01","Debt consolidation","658","24.58%","844xx","UT","< 1 year","0"
"20000.00","2017-01-01","home_improvement","","10.77%","347xx","FL","< 1 year","0"
"15000.00","2017-01-01","Credit card refinancing","608","29.2%","330xx","FL","< 1 year","0"
"6000.00","2017-01-01","car","","4.89%","288xx","NC","5 years","0"
"10000.00","2017-01-01","credit_card","","37.82%","601xx","IL","5 years","0"
"15900.00","2017-01-01","Car financing","592","100%","371xx","TN","< 1 year","0"
"15000.00","2017-01-01","debt_consolidation","","-1%","331xx","FL","5 years","0"
"24425.00","2017-01-01","other","","-1%","148xx","NY","5 years","0"
"6000.00","2017-01-01","debt_consolidation","","5.75%","619xx","IL","5 years","0"
"1000.00","2017-01-01","Debt consolidation","613","10.09%","661xx","KS","< 1 year","0"
"20000.00","2017-01-01","debt_consolidation","","8.27%","465xx","IN","n/a","0"
"2000.00","2017-01-01","vacation","","40.23%","338xx","FL","5 years","0"
"1000.00","2017-01-01","medical","","8.52%","451xx","OH","5 years","0"
"10000.00","2017-01-01","Moving and relocation","628","36.21%","891xx","NV","< 1 year","0"
"25000.00","2017-01-01","debt_consolidation","","53.16%","553xx","MN","< 1 year","0"
"4000.00","2017-01-01","debt_consolidation","","2.31%","448xx","OH","n/a","0"
"15000.00","2017-01-01","small_business","","-1%","640xx","MO","5 years","0"
"25000.00","2017-01-01","credit_card","","33.88%","328xx","FL","< 1 year","0"
"2000.00","2017-01-01","Car financing","525","1.67%","381xx","TN","< 1 year","0"
"20000.00","2017-01-01","Debt consolidation","683","5.52%","672xx","KS","< 1 year","0"
"2500.00","2017-01-01","Other","616","17.97%","235xx","VA","< 1 year","0"
"20000.00","2017-01-01","Home improvement","668","321.14%","207xx","MD","< 1 year","0"
"6000.00","2017-01-01","debt_consolidation","","16.59%","495xx","MI","< 1 year","0"
"5900.00","2017-01-01","credit_card","","59.28%","711xx","LA","5 years","0"
"12000.00","2017-01-01","credit_card","","28.02%","480xx","MI","< 1 year","0"
"3000.00","2017-01-01","debt_consolidation","","16.77%","333xx","FL","5 years","0"
"1700.00","2017-01-01","Other","543","6.94%","719xx","AR","< 1 year","0"
"25000.00","2017-01-01","house","","0.38%","285xx","NC","< 1 year","0"
"14000.00","2017-01-01","debt_consolidation","","-1%","338xx","FL","5 years","0"
"9000.00","2017-01-01","debt_consolidation","","25.75%","344xx","FL","< 1 year","0"
"40000.00","2017-01-01","debt_consolidation","","99.97%","294xx","SC","< 1 year","0"
"1000.00","2017-01-01","Debt consolidation","530","18.56%","440xx","OH","< 1 year","0"
"5000.00","2017-01-01","moving","","0.86%","532xx","WI","5 years","0"
"2000.00","2017-01-01","moving","","21.22%","179xx","PA","5 years","0"
"28975.00","2017-01-01","credit_card","","31.31%","282xx","NC","5 years","0"
"4000.00","2017-01-01","car","","7.2%","064xx","CT","5 years","0"
"1500.00","2017-01-01","credit_card","","2.01%","611xx","IL","5 years","0"
"10000.00","2017-01-01","debt_consolidation","","54.75%","590xx","MT","< 1 year","0"
"4000.00","2017-01-01","debt_consolidation","","19.67%","656xx","MO","< 1 year","0"
"15000.00","2017-01-01","debt_consolidation","","11.27%","088xx","NJ","5 years","0"
"2000.00","2017-01-01","debt_consolidation","","30.08%","714xx","LA","5 years","0"
"3500.00","2017-01-01","Debt consolidation","603","26.8%","829xx","WY","< 1 year","0"
"10000.00","2017-01-01","other","","0.8%","031xx","NH","< 1 year","0"
"1000.00","2017-01-01","other","","-1%","920xx","CA","5 years","0"
"11000.00","2017-01-01","debt_consolidation","","25.75%","012xx","MA","5 years","0"
"25000.00","2017-01-01","Credit card refinancing","689","36.38%","017xx","MA","< 1 year","0"
"12600.00","2017-01-01","Debt consolidation","674","36.84%","554xx","MN","< 1 year","0"
"6000.00","2017-01-01","debt_consolidation","","26.16%","610xx","IL","< 1 year","0"
"20000.00","2017-01-01","small_business","","20.3%","708xx","LA","5 years","0"
"10000.00","2017-01-01","Credit card refinancing","624","74.9%","144xx","NY","< 1 year","0"
"20000.00","2017-01-01","credit_card","","-1%","400xx","KY","5 years","0"
"10000.00","2017-01-01","vacation","","29.07%","553xx","MN","< 1 year","0"
"5000.00","2017-01-01","medical","","19.52%","285xx","NC","n/a","0"
"25000.00","2017-01-01","other","","9.49%","917xx","CA","< 1 year","0"
"15000.00","2017-01-01","debt_consolidation","","35.04%","305xx","GA","< 1 year","0"
"10000.00","2017-01-01","other","","36.47%","123xx","NY","< 1 year","0"
"5000.00","2017-01-01","debt_consolidation","","28%","280xx","NC","< 1 year","0"
"1500.00","2017-01-01","vacation","","0%","104xx","NY","< 1 year","0"
"7000.00","2017-01-01","debt_consolidation","","0%","275xx","NC","5 years","0"
"18000.00","2017-01-01","Credit card refinancing","652","15.3%","231xx","VA","< 1 year","0"
"25000.00","2017-01-01","debt_consolidation","","1.57%","227xx","VA","< 1 year","0"
"15000.00","2017-01-01","Business Loan","","-1%","117xx","NY","< 1 year","0"
"10000.00","2017-01-01","car","","5.28%","925xx","CA","5 years","0"
"1500.00","2017-01-01","medical","","0%","395xx","MS","5 years","0"
"10000.00","2017-01-01","debt_consolidation","","33.14%","443xx","OH","5 years","0"
"1000.00","2017-01-01","credit_card","","16.36%","132xx","NY","5 years","0"
"25000.00","2017-01-01","Debt consolidation","790","1.64%","917xx","CA","< 1 year","0"
"30000.00","2017-01-01","house","","-1%","352xx","AL","5 years","0"
"2000.00","2017-01-01","other","","15.7%","234xx","VA","< 1 year","0"
"12000.00","2017-01-01","Credit card refinancing","654","72.64%","146xx","NY","< 1 year","0"
"40000.00","2017-01-01","debt_consolidation","","6.45%","334xx","FL","< 1 year","0"
"4000.00","2017-01-01","debt_consolidation","","4.54%","704xx","LA","5 years","0"
"12000.00","2017-01-01","credit_card","","40.52%","538xx","WI","5 years","0"
"16000.00","2017-01-01","debt_consolidation","","17.51%","336xx","FL","< 1 year","0"
"10000.00","2017-01-01","Vacation","630","1.51%","111xx","NY","< 1 year","0"
"40000.00","2017-01-01","debt_consolidation","","10.72%","286xx","NC","< 1 year","0"
"24500.00","2017-01-01","credit_card","","-1%","563xx","MN","5 years","0"
"40000.00","2017-01-01","Debt consolidation","533","26.26%","762xx","TX","< 1 year","0"
"40000.00","2017-01-01","Debt consolidation","624","12.43%","402xx","KY","< 1 year","0"
"5500.00","2017-01-01","debt_consolidation","","15.87%","297xx","SC","< 1 year","0"
"20000.00","2017-01-01","major_purchase","","11.15%","458xx","OH","< 1 year","0"
"8000.00","2017-01-01","debt_consolidation","","12.43%","178xx","PA","< 1 year","0"
"10000.00","2017-01-01","debt_consolidation","","35.25%","482xx","MI","n/a","0"
"5000.00","2017-01-01","Credit card refinancing","586","4.34%","356xx","AL","< 1 year","0"
"10000.00","2017-01-01","debt_consolidation","","14.14%","015xx","MA","< 1 year","0"
"2000.00","2017-01-01","home_improvement","","1.13%","280xx","NC","< 1 year","0"
"5000.00","2017-01-01","Debt consolidation","501","9.59%","305xx","GA","< 1 year","0"
"5000.00","2017-01-01","moving","544","1.68%","300xx","GA","< 1 year","0"
"10000.00","2017-01-01","home_improvement","","27.88%","441xx","OH","< 1 year","0"
"10000.00","2017-01-01","debt_consolidation","","4.7%","114xx","NY","< 1 year","0"
"20000.00","2017-01-01","debt_consolidation","","36.44%","452xx","OH","5 years","0"
"20000.00","2017-01-01","debt_consolidation","","-1%","407xx","KY","n/a","0"
"22000.00","2017-01-01","Other","","100%","207xx","MD","< 1 year","0"
"3000.00","2017-01-01","debt_consolidation","","24.23%","027xx","MA","5 years","0"
"35000.00","2017-01-01","Debt consolidation","663","35.22%","756xx","TX","< 1 year","0"
"2500.00","2017-01-01","major_purchase","","0.73%","083xx","NJ","< 1 year","0"
"8000.00","2017-01-01","credit_card","","12.38%","159xx","PA","n/a","0"
"30000.00","2017-01-01","Debt consolidation","","32.37%","444xx","OH","3 years","0"
"10000.00","2017-01-01","home_improvement","","12.54%","447xx","OH","< 1 year","0"
"20000.00","2017-01-01","debt_consolidation","","-1%","207xx","MD","< 1 year","0"
"3000.00","2017-01-01","other","","8.17%","105xx","NY","< 1 year","0"
"5000.00","2017-01-01","debt_consolidation","","46.3%","844xx","UT","< 1 year","0"
"40000.00","2017-01-01","debt_consolidation","","34.65%","217xx","MD","< 1 year","0"
"4000.00","2017-01-01","other","","18.65%","245xx","VA","< 1 year","0"
"16000.00","2017-01-01","credit_card","","-1%","100xx","NY","5 years","0"
"3925.00","2017-01-01","credit_card","","13.24%","323xx","FL","5 years","0"
"1500.00","2017-01-01","other","","30.8%","357xx","AL","< 1 year","0"
"18000.00","2017-01-01","Other","629","11.63%","548xx","WI","< 1 year","0"
"35000.00","2017-01-01","Debt consolidation","669","28.93%","774xx","TX","< 1 year","0"
"5000.00","2017-01-01","debt_consolidation","","9999%","070xx","NJ","< 1 year","0"
"15000.00","2017-01-01","debt_consolidation","","-1%","705xx","LA","< 1 year","0"
"14000.00","2017-01-01","Business Loan","","-1%","310xx","GA","< 1 year","0"
"5000.00","2017-01-01","other","","20.33%","480xx","MI","< 1 year","0"
"15000.00","2017-01-01","Debt consolidation","599","20.13%","017xx","MA","< 1 year","0"
"30000.00","2017-01-01","Credit card refinancing","632","25.05%","041xx","ME","< 1 year","0"
"40000.00","2017-01-01","debt_consolidation","","-1%","018xx","MA","< 1 year","0"
"5000.00","2017-01-01","Credit card refinancing","636","21.2%","207xx","MD","< 1 year","0"
"20000.00","2017-01-01","Credit card refinancing","655","9.1%","085xx","NJ","n/a","0"
"25000.00","2017-01-01","credit_card","","29.49%","210xx","MD","< 1 year","0"
"15000.00","2017-01-01","debt_consolidation","","25.42%","952xx","CA","5 years","0"
"2000.00","2017-01-01","Other","501","22.61%","766xx","TX","< 1 year","0"
"5000.00","2017-01-01","debt_consolidation","","44.14%","229xx","VA","< 1 year","0"
"2300.00","2017-01-01","credit_card","","4.33%","112xx","NY","< 1 year","0"
"20000.00","2017-01-01","Other","657","1.33%","337xx","FL","< 1 year","0"
"2000.00","2017-01-01","other","","-1%","581xx","ND","5 years","0"
"8000.00","2017-01-01","Vacation","563","0.86%","141xx","NY","< 1 year","0"
"2500.00","2017-01-01","other","","9.71%","329xx","FL","< 1 year","0"
"12000.00","2017-01-01","Credit card refinancing","623","8.75%","462xx","IN","< 1 year","0"
"8000.00","2017-01-01","home_improvement","","9999%","023xx","MA","< 1 year","0"
"40000.00","2017-01-01","home_improvement","","12.83%","333xx","FL","< 1 year","0"
"2000.00","2017-01-01","Debt consolidation","608","11.94%","462xx","IN","< 1 year","0"
"5000.00","2017-01-01","Vacation","655","45.06%","712xx","LA","< 1 year","0"
"25000.00","2017-01-01","debt_consolidation","","25.23%","752xx","TX","< 1 year","0"
"15000.00","2017-01-01","Debt consolidation","643","18.73%","301xx","GA","< 1 year","0"
"2500.00","2017-01-01","Major purchase","","8.27%","703xx","LA","< 1 year","0"
"10000.00","2017-01-01","debt_consolidation","","19.44%","490xx","MI","< 1 year","0"
"15000.00","2017-01-01","Credit card refinancing","669","42.88%","174xx","PA","< 1 year","0"
"10000.00","2017-01-01","debt_consolidation","","13.36%","070xx","NJ","5 years","0"
"10000.00","2017-01-01","Debt consolidation","680","1.88%","303xx","GA","< 1 year","0"
"3500.00","2017-01-01","other","","5.99%","841xx","UT","< 1 year","0"
"10000.00","2017-01-01","Car financing","601","0%","240xx","VA","< 1 year","0"
"1000.00","2017-01-01","credit_card","","-1%","230xx","VA","5 years","0"
"5000.00","2017-01-01","Debt consolidation","560","11.62%","379xx","TN","< 1 year","0"
"40000.00","2017-01-01","Debt consolidation","735","13.86%","119xx","NY","n/a","0"
"6000.00","2017-01-01","debt_consolidation","","68.8%","967xx","HI","< 1 year","0"
"2500.00","2017-01-01","other","","49.33%","163xx","PA","< 1 year","0"
"1000.00","2017-01-01","other","","8.38%","233xx","VA","< 1 year","0"
"15000.00","2017-01-01","credit_card","","29.84%","441xx","OH","5 years","0"
"20000.00","2017-01-01","debt_consolidation","","48.12%","080xx","NJ","< 1 year","0"
"15000.00","2017-01-01","Other","728","8.37%","601xx","IL","< 1 year","0"
"25000.00","2017-01-01","credit_card","","37.99%","280xx","NC","< 1 year","0"
"30000.00","2017-01-01","debt_consolidation","","66.36%","281xx","NC","5 years","0"
"5000.00","2017-01-01","home_improvement","","22.08%","764xx","TX","5 years","0"
"15000.00","2017-01-01","Credit card refinancing","683","49.94%","170xx","PA","< 1 year","0"
"3000.00","2017-01-01","Other","611","52%","152xx","PA","< 1 year","0"
"20000.00","2017-01-01","Debt consolidation","752","63.76%","967xx","HI","< 1 year","0"
"2000.00","2017-01-01","medical","","15.4%","354xx","AL","5 years","0"
"35000.00","2017-01-01","debt_consolidation","","14.86%","951xx","CA","5 years","0"
"10000.00","2017-01-01","Credit card refinancing","676","21.76%","112xx","NY","< 1 year","0"
"10000.00","2017-01-01","Credit card refinancing","663","27.3%","713xx","LA","< 1 year","0"
"8000.00","2017-01-01","credit_card","","11.63%","604xx","IL","< 1 year","0"
"1200.00","2017-01-01","other","","15.63%","765xx","TX","< 1 year","0"
"5000.00","2017-01-01","debt_consolidation","","14.82%","467xx","IN","< 1 year","0"
"6000.00","2017-01-01","other","","2.25%","117xx","NY","5 years","0"
"5000.00","2017-01-01","debt_consolidation","","82.8%","809xx","CO","< 1 year","0"
"12500.00","2017-01-01","Debt consolidation","668","35.49%","054xx","VT","< 1 year","0"
"34500.00","2017-01-01","debt_consolidation","","-1%","804xx","CO","5 years","0"
"7000.00","2017-01-01","Debt consolidation","689","306.01%","787xx","TX","< 1 year","0"
"7500.00","2017-01-01","debt_consolidation","","39.55%","495xx","MI","< 1 year","0"
"20000.00","2017-01-01","debt_consolidation","","37.95%","365xx","AL","< 1 year","0"
"7100.00","2017-01-01","debt_consolidation","","24.39%","014xx","MA","5 years","0"
"28000.00","2017-01-01","Debt consolidation","743","56.99%","155xx","PA","< 1 year","0"
"50000.00","2017-01-01","Business Loan","","-1%","281xx","NC","< 1 year","0"
"5000.00","2017-01-01","moving","","0.51%","325xx","FL","n/a","0"
"10000.00","2017-01-01","medical","","9.07%","286xx","NC","5 years","0"
"20000.00","2017-01-01","debt_consolidation","","-1%","301xx","GA","< 1 year","0"
"5000.00","2017-01-01","Major purchase","665","8.33%","853xx","AZ","< 1 year","0"
"7000.00","2017-01-01","credit_card","","4.52%","115xx","NY","5 years","0"
"10000.00","2017-01-01","home_improvement","","30.5%","700xx","LA","< 1 year","0"
"2000.00","2017-01-01","home_improvement","","4.51%","678xx","KS","5 years","0"
"5000.00","2017-01-01","credit_card","","13.19%","200xx","DC","5 years","0"
"1000.00","2017-01-01","Debt consolidation","629","37.16%","394xx","MS","< 1 year","0"
"1000.00","2017-01-01","Medical expenses","512","75.59%","748xx","OK","< 1 year","0"
"2000.00","2017-01-01","other","","19.75%","710xx","LA","< 1 year","0"
"25000.00","2017-01-01","debt_consolidation","","2.87%","355xx","AL","< 1 year","0"
"40000.00","2017-01-01","debt_consolidation","","-1%","604xx","IL","< 1 year","0"
"20000.00","2017-01-01","home_improvement","","25.39%","207xx","MD","< 1 year","0"
"11050.00","2017-01-01","credit_card","","40.29%","033xx","NH","5 years","0"
"40000.00","2017-01-01","debt_consolidation","","-1%","060xx","CT","< 1 year","0"
"17000.00","2017-01-01","Debt consolidation","595","15.32%","923xx","CA","< 1 year","0"
"10000.00","2017-01-01","debt_consolidation","","21.73%","328xx","FL","< 1 year","0"
"3000.00","2017-01-01","moving","501","12.65%","752xx","TX","< 1 year","0"
"10000.00","2017-01-01","debt_consolidation","","8.35%","232xx","VA","< 1 year","0"
"15000.00","2017-01-01","debt_consolidation","","25.22%","450xx","OH","5 years","0"
"25000.00","2017-01-01","debt_consolidation","","62.01%","300xx","GA","5 years","0"
"10000.00","2017-01-01","credit_card","","24.94%","700xx","LA","< 1 year","0"
"4000.00","2017-01-01","debt_consolidation","","-1%","388xx","MS","< 1 year","0"
"5000.00","2017-01-01","home_improvement","","11.66%","330xx","FL","< 1 year","0"
"10000.00","2017-01-01","debt_consolidation","","-1%","114xx","NY","< 1 year","0"
"1200.00","2017-01-01","other","","-1%","221xx","VA","< 1 year","0"
"7500.00","2017-01-01","Debt consolidation","723","6.04%","725xx","AR","< 1 year","0"
"25000.00","2017-01-01","debt_consolidation","","36.35%","034xx","NH","5 years","0"
"5000.00","2017-01-01","debt_consolidation","","20.73%","322xx","FL","< 1 year","0"
"18000.00","2017-01-01","credit_card","","41.66%","211xx","MD","5 years","0"
"14000.00","2017-01-01","car","","5.88%","483xx","MI","5 years","0"
"2000.00","2017-01-01","credit_card","","17.56%","467xx","IN","5 years","0"
"5500.00","2017-01-01","credit_card","","28.59%","629xx","IL","5 years","0"
"5000.00","2017-01-01","debt_consolidation","","32.58%","275xx","NC","< 1 year","0"
"10000.00","2017-01-01","Vacation","691","12.73%","064xx","CT","< 1 year","0"
"25000.00","2017-01-01","debt_consolidation","","194.6%","023xx","MA","< 1 year","0"
"20000.00","2017-01-01","Debt consolidation","618","45.1%","115xx","NY","< 1 year","0"
"15000.00","2017-01-01","Debt consolidation","665","4.14%","752xx","TX","< 1 year","0"
"7500.00","2017-01-01","debt_consolidation","","14.66%","907xx","CA","< 1 year","0"
"10000.00","2017-01-01","major_purchase","","1.84%","068xx","CT","< 1 year","0"
"1000.00","2017-01-01","other","","15.88%","216xx","MD","5 years","0"
"10000.00","2017-01-01","credit_card","","30.64%","342xx","FL","5 years","0"
"30000.00","2017-01-01","Business Loan","","-1%","070xx","NJ","< 1 year","0"
"2000.00","2017-01-01","small_business","","4.95%","148xx","NY","5 years","0"
"12000.00","2017-01-01","debt_consolidation","","-1%","902xx","CA","< 1 year","0"
"10000.00","2017-01-01","house","","8.32%","775xx","TX","5 years","0"
"15000.00","2017-01-01","debt_consolidation","","7.87%","720xx","AR","< 1 year","0"
"3000.00","2017-01-01","other","","17.77%","381xx","TN","< 1 year","0"
"5000.00","2017-01-01","car","","156.04%","754xx","TX","< 1 year","0"
"10000.00","2017-01-01","debt_consolidation","","22.45%","350xx","AL","< 1 year","0"
"15000.00","2017-01-01","debt_consolidation","","1.98%","850xx","AZ","< 1 year","0"
"3000.00","2017-01-01","debt_consolidation","","16.9%","774xx","TX","< 1 year","0"
"38000.00","2017-01-01","debt_consolidation","589","47.29%","337xx","FL","< 1 year","0"
"4000.00","2017-01-01","other","","-1%","479xx","IN","< 1 year","0"
"10000.00","2017-01-01","Debt consolidation","477","0.76%","212xx","MD","< 1 year","0"
"7000.00","2017-01-01","Debt consolidation","620","59.72%","785xx","TX","< 1 year","0"
"20000.00","2017-01-01","Debt consolidation","692","23.57%","337xx","FL","2 years","0"
"36000.00","2017-01-01","debt_consolidation","","27.36%","028xx","RI","< 1 year","0"
"8000.00","2017-01-01","debt_consolidation","","56%","313xx","GA","< 1 year","0"
"10000.00","2017-01-01","debt_consolidation","","18.88%","442xx","OH","< 1 year","0"
"12000.00","2017-01-01","other","","2.86%","061xx","CT","< 1 year","0"
"5000.00","2017-01-01","Debt consolidation","702","1.15%","752xx","TX","< 1 year","0"
"1500.00","2017-01-01","debt_consolidation","","11.64%","117xx","NY","< 1 year","0"
"10000.00","2017-01-01","debt_consolidation","","-1%","071xx","NJ","< 1 year","0"
"20000.00","2017-01-01","home_improvement","","26.06%","907xx","CA","< 1 year","0"
"13000.00","2017-01-01","credit_card","","-1%","461xx","IN","5 years","0"
"15000.00","2017-01-01","debt_consolidation","","3.84%","917xx","CA","< 1 year","0"
"1000.00","2017-01-01","Medical expenses","604","0%","980xx","WA","< 1 year","0"
"5000.00","2017-01-01","debt_consolidation","","26.45%","300xx","GA","< 1 year","0"
"10000.00","2017-01-01","major_purchase","","2.29%","325xx","FL","5 years","0"
"35000.00","2017-01-01","Debt consolidation","686","46.71%","481xx","MI","< 1 year","0"
"5000.00","2017-01-01","other","","9999%","750xx","TX","< 1 year","0"
"17000.00","2017-01-01","debt_consolidation","","41.66%","211xx","MD","< 1 year","0"
"40000.00","2017-01-01","Debt consolidation","581","11.97%","212xx","MD","< 1 year","0"
"1000.00","2017-01-01","debt_consolidation","","1.19%","338xx","FL","< 1 year","0"
"4500.00","2017-01-01","debt_consolidation","","22.73%","458xx","OH","5 years","0"
"10000.00","2017-01-01","debt_consolidation","","36.99%","960xx","CA","< 1 year","0"
"13500.00","2017-01-01","credit_card","","17.21%","177xx","PA","5 years","0"
"20000.00","2017-01-01","debt_consolidation","","26.43%","347xx","FL","< 1 year","0"
"5000.00","2017-01-01","debt_consolidation","","28.28%","028xx","RI","< 1 year","0"
"6000.00","2017-01-01","debt_consolidation","","15.63%","080xx","NJ","5 years","0"
"10700.00","2017-01-01","Car financing","733","100%","290xx","SC","< 1 year","0"
"3000.00","2017-01-01","Credit card refinancing","","4.32%","073xx","NJ","2 years","0"
"15000.00","2017-01-01","debt_consolidation","","-1%","809xx","CO","< 1 year","0"
"6000.00","2017-01-01","Debt consolidation","524","55.29%","389xx","MS","< 1 year","0"
"1000.00","2017-01-01","debt_consolidation","","24.05%","781xx","TX","5 years","0"
"20000.00","2017-01-01","home_improvement","","26.62%","359xx","AL","< 1 year","0"
"1000.00","2017-01-01","Debt consolidation","644","14.9%","802xx","CO","< 1 year","0"
"5000.00","2017-01-01","vacation","","-1%","071xx","NJ","5 years","0"
"2000.00","2017-01-01","debt_consolidation","","-1%","076xx","NJ","< 1 year","0"
"40000.00","2017-01-01","Debt consolidation","646","14.88%","604xx","IL","< 1 year","0"
"25000.00","2017-01-01","Home improvement","636","19.29%","291xx","SC","< 1 year","0"
"15000.00","2017-01-01","debt_consolidation","","-1%","191xx","PA","< 1 year","0"
"5000.00","2017-01-01","Vacation","693","41.1%","601xx","IL","< 1 year","0"
"40000.00","2017-01-01","debt_consolidation","","23.26%","212xx","MD","< 1 year","0"
"15000.00","2017-01-01","other","","18.34%","126xx","NY","5 years","0"
"5000.00","2017-01-01","credit_card","","29.14%","351xx","AL","5 years","0"
"40000.00","2017-01-01","Car financing","647","32.21%","212xx","MD","< 1 year","0"
"10000.00","2017-01-01","Debt consolidation","664","24.17%","402xx","KY","< 1 year","0"
"1000.00","2017-01-01","other","","15.52%","381xx","TN","5 years","0"
"20000.00","2017-01-01","debt_consolidation","","39.66%","331xx","FL","< 1 year","0"
"4000.00","2017-01-01","other","","21.19%","925xx","CA","5 years","0"
"25000.00","2017-01-01","Credit card refinancing","","14.5%","028xx","RI","n/a","0"
"7700.00","2017-01-01","home_improvement","","-1%","208xx","MD","< 1 year","0"
"32000.00","2017-01-01","Credit card refinancing","644","33.3%","347xx","FL","< 1 year","0"
"8000.00","2017-01-01","Debt consolidation","674","46.93%","300xx","GA","< 1 year","0"
"5000.00","2017-01-01","debt_consolidation","","19.87%","721xx","AR","< 1 year","0"
"30000.00","2017-01-01","Debt consolidation","665","31.37%","402xx","KY","< 1 year","0"
"5000.00","2017-01-01","other","","18.46%","334xx","FL","< 1 year","0"
"1000.00","2017-01-01","credit_card","","67.05%","333xx","FL","< 1 year","0"
"3000.00","2017-01-01","Home improvement","602","4.63%","272xx","NC","< 1 year","0"
"7000.00","2017-01-01","credit_card","","21.93%","293xx","SC","5 years","0"
"5000.00","2017-01-01","other","","-1%","114xx","NY","< 1 year","0"
"4000.00","2017-01-01","home_improvement","","27.5%","283xx","NC","< 1 year","0"
"30000.00","2017-01-01","Debt consolidation","646","41.57%","406xx","KY","< 1 year","0"
"8500.00","2017-01-01","Debt consolidation","607","11.05%","750xx","TX","< 1 year","0"
"8000.00","2017-01-01","Debt consolidation","654","16.46%","750xx","TX","< 1 year","0"
"3000.00","2017-01-01","Credit card refinancing","694","38.11%","300xx","GA","< 1 year","0"
"40000.00","2017-01-01","debt_consolidation","","61.29%","432xx","OH","< 1 year","0"
"15000.00","2017-01-01","debt_consolidation","","52.33%","587xx","ND","< 1 year","0"
"30000.00","2017-01-01","debt_consolidation","","51.12%","714xx","LA","5 years","0"
"3000.00","2017-01-01","vacation","","16.18%","972xx","OR","5 years","0"
"1000.00","2017-01-01","other","","0.5%","322xx","FL","< 1 year","0"
"10000.00","2017-01-01","other","","20.93%","104xx","NY","< 1 year","0"
"5625.00","2017-01-01","debt_consolidation","","30.88%","339xx","FL","< 1 year","0"
"25000.00","2017-01-01","debt_consolidation","","9.25%","850xx","AZ","< 1 year","0"
"12000.00","2017-01-01","Debt consolidation","617","19.2%","173xx","PA","< 1 year","0"
"10000.00","2017-01-01","Other","529","9.6%","321xx","FL","< 1 year","0"
"1000.00","2017-01-01","moving","","0.94%","328xx","FL","5 years","0"
"15000.00","2017-01-01","debt_consolidation","","38.38%","166xx","PA","< 1 year","0"
"1000.00","2017-01-01","car","","47.6%","417xx","KY","5 years","0"
"2000.00","2017-01-01","other","","11.06%","132xx","NY","< 1 year","0"
"5000.00","2017-01-01","Debt consolidation","613","56.77%","700xx","LA","< 1 year","0"
"20000.00","2017-01-01","home_improvement","","14.36%","925xx","CA","5 years","0"
"20000.00","2017-01-01","debt_consolidation","","22.68%","483xx","MI","< 1 year","0"
"35000.00","2017-01-01","Home buying","600","26.12%","370xx","TN","< 1 year","0"
"10000.00","2017-01-01","debt_consolidation","","3.09%","441xx","OH","< 1 year","0"
"40000.00","2017-01-01","Moving and relocation","681","9.31%","775xx","TX","< 1 year","0"
"4000.00","2017-01-01","debt_consolidation","","6%","121xx","NY","5 years","0"
"5000.00","2017-01-01","debt_consolidation","","36.31%","748xx","OK","< 1 year","0"
"31875.00","2017-01-01","Car financing","627","100%","490xx","MI","< 1 year","0"
"35000.00","2017-01-01","debt_consolidation","","53.04%","480xx","MI","< 1 year","0"
"40000.00","2017-01-01","Debt consolidation","675","38.08%","430xx","OH","< 1 year","0"
"6000.00","2017-01-01","debt_consolidation","","0.93%","531xx","WI","5 years","0"
"12000.00","2017-01-01","credit_card","","7.9%","618xx","IL","5 years","0"
"20000.00","2017-01-01","other","","65.02%","335xx","FL","< 1 year","0"
"11000.00","2017-01-01","debt_consolidation","","26.86%","977xx","OR","< 1 year","0"
"1000.00","2017-01-01","debt_consolidation","","23%","577xx","SD","5 years","0"
"18000.00","2017-01-01","Debt consolidation","643","8.22%","069xx","CT","< 1 year","0"
"25000.00","2017-01-01","small_business","","17.74%","029xx","RI","5 years","0"
"1000.00","2017-01-01","Other","","100%","174xx","PA","< 1 year","0"
"16500.00","2017-01-01","debt_consolidation","","7.63%","066xx","CT","< 1 year","0"
"35000.00","2017-01-01","debt_consolidation","","33.18%","575xx","SD","n/a","0"
"40000.00","2017-01-01","Debt consolidation","707","19.55%","977xx","OR","< 1 year","0"
"3000.00","2017-01-01","home_improvement","","36.33%","440xx","OH","5 years","0"
"2000.00","2017-01-01","debt_consolidation","","44.65%","231xx","VA","5 years","0"
"13950.00","2017-01-01","credit_card","","32.04%","797xx","TX","5 years","0"
"18000.00","2017-01-01","credit_card","","55.48%","547xx","WI","n/a","0"
"7000.00","2017-01-01","credit_card","","1%","112xx","NY","5 years","0"
"5000.00","2017-01-01","other","","138.14%","354xx","AL","< 1 year","0"
"2000.00","2017-01-01","Debt consolidation","649","22.79%","601xx","IL","< 1 year","0"
"4000.00","2017-01-01","Debt consolidation","659","4.02%","083xx","NJ","4 years","0"
"3500.00","2017-01-01","Debt consolidation","656","19.14%","554xx","MN","< 1 year","0"
"11000.00","2017-01-01","credit_card","","26.86%","977xx","OR","5 years","0"
"10000.00","2017-01-01","debt_consolidation","","62.95%","314xx","GA","< 1 year","0"
"2000.00","2017-01-01","home_improvement","","86.32%","104xx","NY","< 1 year","0"
"5000.00","2017-01-01","debt_consolidation","","18.33%","728xx","AR","< 1 year","0"
"8800.00","2017-01-01","Car financing","579","18.64%","107xx","NY","< 1 year","0"
"10000.00","2017-01-01","other","","29.13%","347xx","FL","< 1 year","0"
"15000.00","2017-01-01","debt_consolidation","","15.72%","371xx","TN","< 1 year","0"
"1000.00","2017-01-01","home_improvement","","18.26%","464xx","IN","< 1 year","0"
"6000.00","2017-01-01","debt_consolidation","","22%","547xx","WI","< 1 year","0"
"2000.00","2017-01-01","Vacation","617","49.42%","276xx","NC","< 1 year","0"
"8500.00","2017-01-01","moving","","0.75%","300xx","GA","< 1 year","0"
"1000.00","2017-01-01","small_business","","19.52%","313xx","GA","< 1 year","0"
"40000.00","2017-01-01","other","","46.81%","342xx","FL","< 1 year","0"
"1200.00","2017-01-01","moving","","1.71%","606xx","IL","5 years","0"
"1000.00","2017-01-01","debt_consolidation","","4.15%","073xx","NJ","5 years","0"
"1000.00","2017-01-01","Other","","1.71%","992xx","WA","n/a","0"
"1000.00","2017-01-01","Other","525","6.6%","368xx","AL","< 1 year","0"
"1000.00","2017-01-01","other","","20.05%","271xx","NC","5 years","0"
"25000.00","2017-01-01","debt_consolidation","","64.36%","477xx","IN","< 1 year","0"
"15000.00","2017-01-01","Debt consolidation","570","50.44%","275xx","NC","< 1 year","0"
"2000.00","2017-01-01","other","","4.26%","714xx","LA","< 1 year","0"
"10000.00","2017-01-01","debt_consolidation","","27980%","601xx","IL","< 1 year","0"
"6500.00","2017-01-01","house","","9.6%","276xx","NC","5 years","0"
"2500.00","2017-01-01","house","","54.04%","489xx","MI","5 years","0"
"1000.00","2017-01-01","other","","3.67%","463xx","IN","5 years","0"
"1000.00","2017-01-01","Debt consolidation","550","3.82%","302xx","GA","< 1 year","0"
"5000.00","2017-01-01","other","","0%","295xx","SC","< 1 year","0"
"5000.00","2017-01-01","debt_consolidation","","39.11%","228xx","VA","5 years","0"
"7000.00","2017-01-01","debt_consolidation","","19.7%","271xx","NC","< 1 year","0"
"10000.00","2017-01-01","Debt consolidation","645","46.88%","421xx","KY","< 1 year","0"
"40000.00","2017-01-01","Debt consolidation","","100%","324xx","FL","< 1 year","0"
"20000.00","2017-01-01","Credit card refinancing","657","30.22%","714xx","LA","< 1 year","0"
"25000.00","2017-01-01","credit_card","","-1%","034xx","NH","5 years","0"
"20000.00","2017-01-01","house","","8.55%","444xx","OH","5 years","0"
"12875.00","2017-01-01","credit_card","","33.4%","224xx","VA","5 years","0"
"25000.00","2017-01-01","debt_consolidation","","-1%","403xx","KY","< 1 year","0"
"35000.00","2017-01-01","Debt consolidation","582","47.93%","217xx","MD","< 1 year","0"
"5000.00","2017-01-01","debt_consolidation","","5.62%","315xx","GA","< 1 year","0"
"14000.00","2017-01-01","credit_card","","-1%","223xx","VA","5 years","0"
"3000.00","2017-01-01","moving","","-1%","814xx","CO","5 years","0"
"7500.00","2017-01-01","Debt consolidation","662","43.69%","199xx","DE","< 1 year","0"
"3000.00","2017-01-01","medical","","18.34%","071xx","NJ","< 1 year","0"
"20000.00","2017-01-01","home_improvement","","3.06%","458xx","OH","5 years","0"
"30000.00","2017-01-01","medical","","3.42%","088xx","NJ","5 years","0"
"19000.00","2017-01-01","Debt consolidation","647","49.58%","129xx","NY","< 1 year","0"
"5000.00","2017-01-01","car","","-1%","462xx","IN","5 years","0"
"30000.00","2017-01-01","Debt consolidation","698","25.88%","327xx","FL","2 years","0"
"2500.00","2017-01-01","Major purchase","734","26.93%","970xx","OR","3 years","0"
"4500.00","2017-01-01","car","","3.63%","038xx","NH","5 years","0"
"10000.00","2017-01-01","Debt consolidation","629","19.52%","270xx","NC","< 1 year","0"
"15000.00","2017-01-01","credit_card","","-1%","911xx","CA","5 years","0"
"15000.00","2017-01-01","Debt consolidation","646","48.07%","028xx","RI","< 1 year","0"
"10000.00","2017-01-01","credit_card","","-1%","840xx","UT","5 years","0"
"1000.00","2017-01-01","other","","3.2%","333xx","FL","5 years","0"
"13500.00","2017-01-01","debt_consolidation","","60.71%","655xx","MO","n/a","0"
"10175.00","2017-01-01","Car financing","724","100%","070xx","NJ","< 1 year","0"
"20000.00","2017-01-01","Debt consolidation","699","9.31%","481xx","MI","< 1 year","0"
"15000.00","2017-01-01","car","","1.15%","333xx","FL","5 years","0"
"10000.00","2017-01-01","debt_consolidation","","6.44%","645xx","MO","< 1 year","0"
"2500.00","2017-01-01","debt_consolidation","","17.26%","273xx","NC","< 1 year","0"
"17000.00","2017-01-01","debt_consolidation","","40.53%","064xx","CT","< 1 year","0"
"20000.00","2017-01-01","debt_consolidation","","-1%","712xx","LA","< 1 year","0"
"6000.00","2017-01-01","moving","","24.42%","144xx","NY","< 1 year","0"
"10000.00","2017-01-01","home_improvement","","220.57%","360xx","AL","n/a","0"
"10000.00","2017-01-01","other","","58.97%","303xx","GA","< 1 year","0"
"10000.00","2017-01-01","debt_consolidation","","15.23%","735xx","OK","< 1 year","0"
"14000.00","2017-01-01","debt_consolidation","","37.48%","048xx","ME","5 years","0"
"2000.00","2017-01-01","Other","601","30.05%","980xx","WA","< 1 year","0"
"10000.00","2017-01-01","other","","18.4%","326xx","FL","5 years","0"
"5000.00","2017-01-01","credit_card","","5.49%","853xx","AZ","5 years","0"
"1000.00","2017-01-01","other","","4.19%","235xx","VA","n/a","0"
"20000.00","2017-01-01","debt_consolidation","","32.93%","031xx","NH","< 1 year","0"
"1500.00","2017-01-01","car","","5%","344xx","FL","n/a","0"
"4500.00","2017-01-01","debt_consolidation","","5.52%","542xx","WI","< 1 year","0"
"10000.00","2017-01-01","home_improvement","","20.28%","844xx","UT","< 1 year","0"
"10000.00","2017-01-01","debt_consolidation","","37.04%","372xx","TN","< 1 year","0"
"3000.00","2017-01-01","debt_consolidation","","2.25%","928xx","CA","< 1 year","0"
"3000.00","2017-01-01","Moving and relocation","746","0%","327xx","FL","< 1 year","0"
"28000.00","2017-01-01","debt_consolidation","","24.65%","018xx","MA","< 1 year","0"
"6000.00","2017-01-01","debt_consolidation","","-1%","752xx","TX","< 1 year","0"
"7500.00","2017-01-01","credit_card","","-1%","577xx","SD","5 years","0"
"20000.00","2017-01-01","house","","23.86%","441xx","OH","5 years","0"
"65000.00","2017-01-01","Business Loan","","-1%","210xx","MD","< 1 year","0"
"19000.00","2017-01-01","debt_consolidation","","48.15%","782xx","TX","5 years","0"
"15000.00","2017-01-01","debt_consolidation","","5.96%","606xx","IL","5 years","0"
"10000.00","2017-01-01","debt_consolidation","","13.94%","077xx","NJ","5 years","0"
"4000.00","2017-01-01","debt_consolidation","","21.73%","142xx","NY","< 1 year","0"
"1000.00","2017-01-01","other","","1.27%","475xx","IN","5 years","0"
"15000.00","2017-01-01","credit_card","","38.42%","610xx","IL","< 1 year","0"
"25000.00","2017-01-01","debt_consolidation","","41.51%","136xx","NY","< 1 year","0"
"10000.00","2017-01-01","debt_consolidation","","8.61%","073xx","NJ","< 1 year","0"
"1000.00","2017-01-01","Other","534","10.91%","212xx","MD","< 1 year","0"
"1000.00","2017-01-01","Other","560","35.28%","770xx","TX","< 1 year","0"
"10000.00","2017-01-01","credit_card","","4.93%","933xx","CA","< 1 year","0"
"1000.00","2017-01-01","Debt consolidation","519","29.2%","860xx","AZ","< 1 year","0"
"6000.00","2017-01-01","Debt consolidation","722","13.93%","070xx","NJ","< 1 year","0"
"14000.00","2017-01-01","Credit card refinancing","700","35.52%","157xx","PA","< 1 year","0"
"10000.00","2017-01-01","debt_consolidation","","-1%","945xx","CA","< 1 year","0"
"20000.00","2017-01-01","debt_consolidation","","48.15%","283xx","NC","< 1 year","0"
"10000.00","2017-01-01","Debt consolidation","","22.36%","244xx","VA","10+ years","0"
"25000.00","2017-01-01","debt_consolidation","","40.67%","563xx","MN","< 1 year","0"
"16000.00","2017-01-01","Debt consolidation","598","45.01%","015xx","MA","< 1 year","0"
"5000.00","2017-01-01","Debt consolidation","686","25.95%","130xx","NY","< 1 year","0"
"4000.00","2017-01-01","Debt consolidation","720","39.53%","355xx","AL","< 1 year","0"
"2000.00","2017-01-01","Debt consolidation","576","16.58%","430xx","OH","< 1 year","0"
"5000.00","2017-01-01","home_improvement","","14.98%","327xx","FL","< 1 year","0"
"1000.00","2017-01-01","Vacation","664","14.87%","553xx","MN","< 1 year","0"
"30000.00","2017-01-01","house","","28.99%","402xx","KY","5 years","0"
"5000.00","2017-01-01","credit_card","","6.64%","330xx","FL","5 years","0"
"5000.00","2017-01-01","Credit card refinancing","681","26.4%","891xx","NV","< 1 year","0"
"5000.00","2017-01-01","debt_consolidation","","24.72%","852xx","AZ","< 1 year","0"
"3000.00","2017-01-01","debt_consolidation","","36.35%","370xx","TN","< 1 year","0"
"3000.00","2017-01-01","debt_consolidation","","13.29%","716xx","AR","< 1 year","0"
"25000.00","2017-01-01","Home buying","597","3.15%","949xx","CA","< 1 year","0"
"5000.00","2017-01-01","debt_consolidation","","20.06%","920xx","CA","< 1 year","0"
"35000.00","2017-01-01","Debt consolidation","724","22.08%","440xx","OH","< 1 year","0"
"10000.00","2017-01-01","debt_consolidation","","-1%","750xx","TX","5 years","0"
"39000.00","2017-01-01","debt_consolidation","","40.24%","120xx","NY","< 1 year","0"
"20000.00","2017-01-01","debt_consolidation","","18.28%","775xx","TX","5 years","0"
"20000.00","2017-01-01","Debt consolidation","641","3.09%","328xx","FL","< 1 year","0"
"5000.00","2017-01-01","Other","689","578.14%","773xx","TX","< 1 year","0"
"1000.00","2017-01-01","other","","65.45%","752xx","TX","5 years","0"
"1000.00","2017-01-01","Medical expenses","682","36.51%","380xx","TN","< 1 year","0"
"10000.00","2017-01-01","home_improvement","","0.59%","326xx","FL","< 1 year","0"
"30000.00","2017-01-01","credit_card","","72.65%","902xx","CA","5 years","0"
"15000.00","2017-01-01","Credit card refinancing","667","41.01%","060xx","CT","< 1 year","0"
"10000.00","2017-01-01","debt_consolidation","","58.3%","211xx","MD","< 1 year","0"
"10000.00","2017-01-01","moving","","-1%","681xx","NE","< 1 year","0"
"10000.00","2017-01-01","Debt consolidation","593","13.83%","020xx","MA","< 1 year","0"
"5000.00","2017-01-01","small_business","","6%","117xx","NY","5 years","0"
"5000.00","2017-01-01","car","","10.68%","245xx","VA","5 years","0"
"30000.00","2017-01-01","home_improvement","","49.65%","300xx","GA","< 1 year","0"
"10000.00","2017-01-01","debt_consolidation","","18.39%","775xx","TX","5 years","0"
"6000.00","2017-01-01","Debt consolidation","554","23.32%","224xx","VA","< 1 year","0"
"15000.00","2017-01-01","Debt consolidation","684","33.22%","161xx","PA","< 1 year","0"
"10000.00","2017-01-01","credit_card","","29.08%","855xx","AZ","< 1 year","0"
"7000.00","2017-01-01","debt_consolidation","","41.07%","549xx","WI","< 1 year","0"
"5000.00","2017-01-01","medical","","1%","685xx","NE","5 years","0"
"3000.00","2017-01-01","other","","23.22%","201xx","VA","< 1 year","0"
"1500.00","2017-01-01","debt_consolidation","","9999%","207xx","MD","< 1 year","0"
"2000.00","2017-01-01","car","","-1%","958xx","CA","< 1 year","0"
"26500.00","2017-01-01","debt_consolidation","","34.84%","290xx","SC","< 1 year","0"
"20000.00","2017-01-01","Debt consolidation","539","52.71%","730xx","OK","< 1 year","0"
"25000.00","2017-01-01","debt_consolidation","","22.6%","037xx","NH","< 1 year","0"
"1200.00","2017-01-01","Other","607","28.92%","750xx","TX","< 1 year","0"
"35000.00","2017-01-01","credit_card","","26.2%","201xx","VA","n/a","0"
"1000.00","2017-01-01","debt_consolidation","","3.28%","721xx","AR","< 1 year","0"
"20000.00","2017-01-01","credit_card","","13.62%","080xx","NJ","5 years","0"
"20000.00","2017-01-01","Debt consolidation","501","25.66%","745xx","OK","< 1 year","0"
"3000.00","2017-01-01","home_improvement","","17.11%","352xx","AL","5 years","0"
"5000.00","2017-01-01","debt_consolidation","","41.13%","707xx","LA","< 1 year","0"
"10000.00","2017-01-01","debt_consolidation","","4.62%","481xx","MI","< 1 year","0"
"10000.00","2017-01-01","debt_consolidation","","7.96%","295xx","SC","< 1 year","0"
"25000.00","2017-01-01","Home buying","653","27.4%","041xx","ME","< 1 year","0"
"6000.00","2017-01-01","debt_consolidation","","16.4%","279xx","NC","< 1 year","0"
"15750.00","2017-01-01","Car financing","737","100%","761xx","TX","< 1 year","0"
"10000.00","2017-01-01","major_purchase","","20.38%","631xx","MO","< 1 year","0"
"1000.00","2017-01-01","other","","54.42%","312xx","GA","5 years","0"
"5000.00","2017-01-01","car","","1.75%","410xx","KY","5 years","0"
"1000.00","2017-01-01","Car financing","501","20.44%","481xx","MI","< 1 year","0"
"3000.00","2017-01-01","Credit card refinancing","","17.23%","023xx","MA","n/a","0"
"5000.00","2017-01-01","small_business","","6%","117xx","NY","< 1 year","0"
"4000.00","2017-01-01","Debt consolidation","643","29.4%","905xx","CA","< 1 year","0"
"10000.00","2017-01-01","debt_consolidation","","36.07%","115xx","NY","< 1 year","0"
"30000.00","2017-01-01","Debt consolidation","582","37.87%","497xx","MI","< 1 year","0"
"5000.00","2017-01-01","debt_consolidation","","17.85%","491xx","MI","< 1 year","0"
"18000.00","2017-01-01","Credit card refinancing","773","35.1%","601xx","IL","< 1 year","0"
"2000.00","2017-01-01","moving","","7.5%","802xx","CO","5 years","0"
"3000.00","2017-01-01","debt_consolidation","","13.2%","775xx","TX","< 1 year","0"
"10000.00","2017-01-01","debt_consolidation","","21.32%","330xx","FL","5 years","0"
"35000.00","2017-01-01","car","","14.36%","028xx","RI","< 1 year","0"
"20000.00","2017-01-01","major_purchase","","14.46%","532xx","WI","< 1 year","0"
"40000.00","2017-01-01","Debt consolidation","616","35.28%","791xx","TX","< 1 year","0"
"5000.00","2017-01-01","debt_consolidation","","-1%","935xx","CA","5 years","0"
"5000.00","2017-01-01","Debt consolidation","666","2.18%","112xx","NY","< 1 year","0"
"5000.00","2017-01-01","Credit card refinancing","801","49.96%","441xx","OH","< 1 year","0"
"40000.00","2017-01-01","debt_consolidation","","-1%","191xx","PA","< 1 year","0"
"10000.00","2017-01-01","debt_consolidation","","80%","234xx","VA","< 1 year","0"
"25000.00","2017-01-01","credit_card","","50.31%","760xx","TX","5 years","0"
"20000.00","2017-01-01","debt_consolidation","","-1%","380xx","TN","< 1 year","0"
"25000.00","2017-01-01","debt_consolidation","","1.38%","465xx","IN","< 1 year","0"
"5000.00","2017-01-01","credit_card","","28.83%","480xx","MI","5 years","0"
"30000.00","2017-01-01","debt_consolidation","","51.24%","394xx","MS","< 1 year","0"
"40000.00","2017-01-01","Debt consolidation","607","11.6%","925xx","CA","< 1 year","0"
"7500.00","2017-01-01","other","","-1%","107xx","NY","5 years","0"
"5000.00","2017-01-01","other","","5.47%","601xx","IL","< 1 year","0"
"2300.00","2017-01-01","medical","","43.08%","484xx","MI","< 1 year","0"
"23000.00","2017-01-01","debt_consolidation","","33.42%","883xx","NM","5 years","0"
"40000.00","2017-01-01","Debt consolidation","638","13.18%","926xx","CA","< 1 year","0"
"35000.00","2017-01-01","credit_card","","-1%","193xx","PA","5 years","0"
"10000.00","2017-01-01","debt_consolidation","","3.11%","320xx","FL","< 1 year","0"
"10000.00","2017-01-01","medical","","4.27%","981xx","WA","< 1 year","0"
"15000.00","2017-01-01","Debt consolidation","711","39.94%","032xx","NH","< 1 year","0"
"5000.00","2017-01-01","Credit card refinancing","613","19.83%","750xx","TX","< 1 year","0"
"10000.00","2017-01-01","Debt consolidation","618","18.54%","811xx","CO","< 1 year","0"
"7000.00","2017-01-01","credit_card","","32.06%","229xx","VA","5 years","0"
"10000.00","2017-01-01","debt_consolidation","","8.02%","063xx","CT","< 1 year","0"
"7000.00","2017-01-01","credit_card","","11.39%","475xx","IN","5 years","0"
"8000.00","2017-01-01","credit_card","","21.12%","531xx","WI","< 1 year","0"
"5000.00","2017-01-01","credit_card","","-1%","100xx","NY","5 years","0"
"1000.00","2017-01-01","moving","","31.24%","809xx","CO","< 1 year","0"
"6000.00","2017-01-01","Debt consolidation","522","4%","180xx","PA","< 1 year","0"
"10000.00","2017-01-01","house","","10.71%","719xx","AR","5 years","0"
"20000.00","2017-01-01","debt_consolidation","","32.82%","431xx","OH","< 1 year","0"
"25000.00","2017-01-01","debt_consolidation","","-1%","444xx","OH","< 1 year","0"
"5000.00","2017-01-01","debt_consolidation","","17.41%","276xx","NC","5 years","0"
"15000.00","2017-01-01","debt_consolidation","625","71.44%","471xx","IN","< 1 year","0"
"1000.00","2017-01-01","other","","-1%","272xx","NC","5 years","0"
"32000.00","2017-01-01","debt_consolidation","","-1%","935xx","CA","5 years","0"
"4000.00","2017-01-01","home_improvement","","17.46%","284xx","NC","5 years","0"
"1000.00","2017-01-01","debt_consolidation","","8.47%","011xx","MA","5 years","0"
"13000.00","2017-01-01","other","","64.71%","307xx","GA","< 1 year","0"
"2000.00","2017-01-01","Business","612","7.9%","346xx","FL","< 1 year","0"
"15000.00","2017-01-01","other","","1.77%","191xx","PA","< 1 year","0"
"1000.00","2017-01-01","Debt consolidation","635","47.36%","329xx","FL","< 1 year","0"
"30000.00","2017-01-01","debt_consolidation","","10.83%","606xx","IL","5 years","0"
"10000.00","2017-01-01","major_purchase","","8.95%","302xx","GA","< 1 year","0"
"40000.00","2017-01-01","debt_consolidation","","40.57%","551xx","MN","n/a","0"
"10000.00","2017-01-01","car","","-1%","320xx","FL","< 1 year","0"
"25000.00","2017-01-01","credit_card","","23.23%","705xx","LA","5 years","0"
"2500.00","2017-01-01","other","","6.82%","996xx","AK","5 years","0"
"15000.00","2017-01-01","Credit card refinancing","588","20.22%","357xx","AL","< 1 year","0"
"20000.00","2017-01-01","debt_consolidation","","37.15%","142xx","NY","< 1 year","0"