FILEID,STUSAB,SUMLEVEL,COMPONENT,LOGRECNO,US,REGION,DIVISION,STATECE,STATE,COUNTY,COUSUB,PLACE,TRACT,BLKGRP,CONCIT,AIANHH,AIANHHFP,AIHHTLI,AITSCE,AITS,ANRC,CBSA,CSA,METDIV,MACC,MEMI,NECTA,CNECTA,NECTADIV,UA,BLANK,CDCURR,SLDU,SLDL,BLANK,BLANK,ZCTA5,SUBMCD,SDELM,SDSEC,SDUNI,UR,PCI,BLANK,BLANK,PUMA5,BLANK,GEOID,NAME,BTTR,BTBG,BLANK
ACSSF,WA,40,0,1,,,,,53,,,,,,,,,,,,,,,,,,,,,,,,,,,,,,,,,,,,,,,04000US53,Washington,,,
ACSSF,WA,40,1,2,,,,,53,,,,,,,,,,,,,,,,,,,,,,,,,,,,,,,,,U,,,,,,04001US53,Washington -- Urban,,,
ACSSF,WA,40,43,3,,,,,53,,,,,,,,,,,,,,,,,,,,,,,,,,,,,,,,,R,,,,,,04043US53,Washington -- Rural,,,
ACSSF,WA,40,A0,4,,,,,53,,,,,,,,,,,,,,,,,,,,,,,,,,,,,,,,,,,,,,,040A0US53,Washington -- In metropolitan or micropolitan statistical area,,,
ACSSF,WA,40,C0,5,,,,,53,,,,,,,,,,,,,,,,,1,,,,,,,,,,,,,,,,,,,,,,040C0US53,Washington -- In metropolitan statistical area,,,
ACSSF,WA,40,C1,6,,,,,53,,,,,,,,,,,,,,,,,1,,,,,,,,,,,,,,,,,Y,,,,,040C1US53,Washington -- In metropolitan statistical area -- in principal city,,,
ACSSF,WA,40,C2,7,,,,,53,,,,,,,,,,,,,,,,,1,,,,,,,,,,,,,,,,,,,,,,040C2US53,Washington -- In metropolitan statistical area -- not in principal city,,,
ACSSF,WA,40,E0,8,,,,,53,,,,,,,,,,,,,,,,,2,,,,,,,,,,,,,,,,,,,,,,040E0US53,Washington -- In micropolitan statistical area,,,
ACSSF,WA,40,E1,9,,,,,53,,,,,,,,,,,,,,,,,2,,,,,,,,,,,,,,,,,Y,,,,,040E1US53,Washington -- In micropolitan statistical area -- in principal city,,,
ACSSF,WA,40,E2,10,,,,,53,,,,,,,,,,,,,,,,,2,,,,,,,,,,,,,,,,,,,,,,040E2US53,Washington -- In micropolitan statistical area -- not in principal city,,,
ACSSF,WA,40,G0,11,,,,,53,,,,,,,,,,,,,,,,,9,,,,,,,,,,,,,,,,,,,,,,040G0US53,Washington -- Not in metropolitan or micropolitan statistical area,,,
ACSSF,WA,40,H0,12,,,,,53,,,,,,,,,,,,,,,,,,,,,,,,,,,,,,,,,,,,,,,040H0US53,Washington -- Not in metropolitan statistical area,,,
ACSSF,WA,50,0,13,,,,,53,5,,,,,,,,,,,,,,,,,,,,,,,,,,,,,,,,,,,,,,05000US53005,"Benton County, Washington",,,
ACSSF,WA,50,0,14,,,,,53,7,,,,,,,,,,,,,,,,,,,,,,,,,,,,,,,,,,,,,,05000US53007,"Chelan County, Washington",,,
ACSSF,WA,50,0,15,,,,,53,9,,,,,,,,,,,,,,,,,,,,,,,,,,,,,,,,,,,,,,05000US53009,"Clallam County, Washington",,,
ACSSF,WA,50,0,16,,,,,53,11,,,,,,,,,,,,,,,,,,,,,,,,,,,,,,,,,,,,,,05000US53011,"Clark County, Washington",,,
ACSSF,WA,50,0,17,,,,,53,15,,,,,,,,,,,,,,,,,,,,,,,,,,,,,,,,,,,,,,05000US53015,"Cowlitz County, Washington",,,
ACSSF,WA,50,0,18,,,,,53,21,,,,,,,,,,,,,,,,,,,,,,,,,,,,,,,,,,,,,,05000US53021,"Franklin County, Washington",,,
ACSSF,WA,50,0,19,,,,,53,25,,,,,,,,,,,,,,,,,,,,,,,,,,,,,,,,,,,,,,05000US53025,"Grant County, Washington",,,
ACSSF,WA,50,0,20,,,,,53,27,,,,,,,,,,,,,,,,,,,,,,,,,,,,,,,,,,,,,,05000US53027,"Grays Harbor County, Washington",,,
ACSSF,WA,50,0,21,,,,,53,29,,,,,,,,,,,,,,,,,,,,,,,,,,,,,,,,,,,,,,05000US53029,"Island County, Washington",,,
ACSSF,WA,50,0,22,,,,,53,33,,,,,,,,,,,,,,,,,,,,,,,,,,,,,,,,,,,,,,05000US53033,"King County, Washington",,,
ACSSF,WA,50,0,23,,,,,53,35,,,,,,,,,,,,,,,,,,,,,,,,,,,,,,,,,,,,,,05000US53035,"Kitsap County, Washington",,,
ACSSF,WA,50,0,24,,,,,53,41,,,,,,,,,,,,,,,,,,,,,,,,,,,,,,,,,,,,,,05000US53041,"Lewis County, Washington",,,
ACSSF,WA,50,0,25,,,,,53,53,,,,,,,,,,,,,,,,,,,,,,,,,,,,,,,,,,,,,,05000US53053,"Pierce County, Washington",,,
ACSSF,WA,50,0,26,,,,,53,57,,,,,,,,,,,,,,,,,,,,,,,,,,,,,,,,,,,,,,05000US53057,"Skagit County, Washington",,,
ACSSF,WA,50,0,27,,,,,53,61,,,,,,,,,,,,,,,,,,,,,,,,,,,,,,,,,,,,,,05000US53061,"Snohomish County, Washington",,,
ACSSF,WA,50,0,28,,,,,53,63,,,,,,,,,,,,,,,,,,,,,,,,,,,,,,,,,,,,,,05000US53063,"Spokane County, Washington",,,
ACSSF,WA,50,0,29,,,,,53,67,,,,,,,,,,,,,,,,,,,,,,,,,,,,,,,,,,,,,,05000US53067,"Thurston County, Washington",,,
ACSSF,WA,50,0,30,,,,,53,73,,,,,,,,,,,,,,,,,,,,,,,,,,,,,,,,,,,,,,05000US53073,"Whatcom County, Washington",,,
ACSSF,WA,50,0,31,,,,,53,77,,,,,,,,,,,,,,,,,,,,,,,,,,,,,,,,,,,,,,05000US53077,"Yakima County, Washington",,,
ACSSF,WA,160,0,32,,,,,53,,,3180,,,,,,,,,,,,,,,,,,,,,,,,,,,,,,,,,,,,16000US5303180,"Auburn city, Washington",,,
ACSSF,WA,160,0,33,,,,,53,,,5210,,,,,,,,,,,,,,,,,,,,,,,,,,,,,,,,,,,,16000US5305210,"Bellevue city, Washington",,,
ACSSF,WA,160,0,34,,,,,53,,,5280,,,,,,,,,,,,,,,,,,,,,,,,,,,,,,,,,,,,16000US5305280,"Bellingham city, Washington",,,
ACSSF,WA,160,0,35,,,,,53,,,22640,,,,,,,,,,,,,,,,,,,,,,,,,,,,,,,,,,,,16000US5322640,"Everett city, Washington",,,
ACSSF,WA,160,0,36,,,,,53,,,23515,,,,,,,,,,,,,,,,,,,,,,,,,,,,,,,,,,,,16000US5323515,"Federal Way city, Washington",,,
ACSSF,WA,160,0,37,,,,,53,,,35275,,,,,,,,,,,,,,,,,,,,,,,,,,,,,,,,,,,,16000US5335275,"Kennewick city, Washington",,,
ACSSF,WA,160,0,38,,,,,53,,,35415,,,,,,,,,,,,,,,,,,,,,,,,,,,,,,,,,,,,16000US5335415,"Kent city, Washington",,,
ACSSF,WA,160,0,39,,,,,53,,,35940,,,,,,,,,,,,,,,,,,,,,,,,,,,,,,,,,,,,16000US5335940,"Kirkland city, Washington",,,
ACSSF,WA,160,0,40,,,,,53,,,43955,,,,,,,,,,,,,,,,,,,,,,,,,,,,,,,,,,,,16000US5343955,"Marysville city, Washington",,,
ACSSF,WA,160,0,41,,,,,53,,,53545,,,,,,,,,,,,,,,,,,,,,,,,,,,,,,,,,,,,16000US5353545,"Pasco city, Washington",,,
ACSSF,WA,160,0,42,,,,,53,,,57745,,,,,,,,,,,,,,,,,,,,,,,,,,,,,,,,,,,,16000US5357745,"Renton city, Washington",,,
ACSSF,WA,160,0,43,,,,,53,,,63000,,,,,,,,,,,,,,,,,,,,,,,,,,,,,,,,,,,,16000US5363000,"Seattle city, Washington",,,
ACSSF,WA,160,0,44,,,,,53,,,67000,,,,,,,,,,,,,,,,,,,,,,,,,,,,,,,,,,,,16000US5367000,"Spokane city, Washington",,,
ACSSF,WA,160,0,45,,,,,53,,,67167,,,,,,,,,,,,,,,,,,,,,,,,,,,,,,,,,,,,16000US5367167,"Spokane Valley city, Washington",,,
ACSSF,WA,160,0,46,,,,,53,,,70000,,,,,,,,,,,,,,,,,,,,,,,,,,,,,,,,,,,,16000US5370000,"Tacoma city, Washington",,,
ACSSF,WA,160,0,47,,,,,53,,,74060,,,,,,,,,,,,,,,,,,,,,,,,,,,,,,,,,,,,16000US5374060,"Vancouver city, Washington",,,
ACSSF,WA,160,0,48,,,,,53,,,80010,,,,,,,,,,,,,,,,,,,,,,,,,,,,,,,,,,,,16000US5380010,"Yakima city, Washington",,,
ACSSF,WA,312,0,49,,,,,53,,,5280,,,,,,,,,,13380,,,,,,,,,,,,,,,,,,,,,Y,,,,,31200US133805305280,"Bellingham city, WA; Bellingham, WA Metro Area",,,
ACSSF,WA,312,0,50,,,,,53,,,35275,,,,,,,,,,28420,,,,,,,,,,,,,,,,,,,,,Y,,,,,31200US284205335275,"Kennewick city, WA; Kennewick-Richland, WA Metro Area",,,
ACSSF,WA,312,0,51,,,,,53,,,74060,,,,,,,,,,38900,,,,,,,,,,,,,,,,,,,,,Y,,,,,31200US389005374060,"Vancouver city, WA; Portland-Vancouver-Hillsboro, OR-WA Metro Area",,,
ACSSF,WA,312,0,52,,,,,53,,,3180,,,,,,,,,,42660,,,,,,,,,,,,,,,,,,,,,Y,,,,,31200US426605303180,"Auburn city, WA; Seattle-Tacoma-Bellevue, WA Metro Area",,,
ACSSF,WA,312,0,53,,,,,53,,,5210,,,,,,,,,,42660,,,,,,,,,,,,,,,,,,,,,Y,,,,,31200US426605305210,"Bellevue city, WA; Seattle-Tacoma-Bellevue, WA Metro Area",,,
ACSSF,WA,312,0,54,,,,,53,,,22640,,,,,,,,,,42660,,,,,,,,,,,,,,,,,,,,,Y,,,,,31200US426605322640,"Everett city, WA; Seattle-Tacoma-Bellevue, WA Metro Area",,,
ACSSF,WA,312,0,55,,,,,53,,,35415,,,,,,,,,,42660,,,,,,,,,,,,,,,,,,,,,Y,,,,,31200US426605335415,"Kent city, WA; Seattle-Tacoma-Bellevue, WA Metro Area",,,
ACSSF,WA,312,0,56,,,,,53,,,57745,,,,,,,,,,42660,,,,,,,,,,,,,,,,,,,,,Y,,,,,31200US426605357745,"Renton city, WA; Seattle-Tacoma-Bellevue, WA Metro Area",,,
ACSSF,WA,312,0,57,,,,,53,,,63000,,,,,,,,,,42660,,,,,,,,,,,,,,,,,,,,,Y,,,,,31200US426605363000,"Seattle city, WA; Seattle-Tacoma-Bellevue, WA Metro Area",,,
ACSSF,WA,312,0,58,,,,,53,,,70000,,,,,,,,,,42660,,,,,,,,,,,,,,,,,,,,,Y,,,,,31200US426605370000,"Tacoma city, WA; Seattle-Tacoma-Bellevue, WA Metro Area",,,
ACSSF,WA,312,0,59,,,,,53,,,67000,,,,,,,,,,44060,,,,,,,,,,,,,,,,,,,,,Y,,,,,31200US440605367000,"Spokane city, WA; Spokane-Spokane Valley, WA Metro Area",,,
ACSSF,WA,312,0,60,,,,,53,,,67167,,,,,,,,,,44060,,,,,,,,,,,,,,,,,,,,,Y,,,,,31200US440605367167,"Spokane Valley city, WA; Spokane-Spokane Valley, WA Metro Area",,,
ACSSF,WA,312,0,61,,,,,53,,,80010,,,,,,,,,,49420,,,,,,,,,,,,,,,,,,,,,Y,,,,,31200US494205380010,"Yakima city, WA; Yakima, WA Metro Area",,,
ACSSF,WA,500,0,62,,,,,53,,,,,,,,,,,,,,,,,,,,,,,1,,,,,,,,,,,,,,,,50000US5301,"Congressional District 1 (114th Congress), Washington",,,
ACSSF,WA,500,0,63,,,,,53,,,,,,,,,,,,,,,,,,,,,,,2,,,,,,,,,,,,,,,,50000US5302,"Congressional District 2 (114th Congress), Washington",,,
ACSSF,WA,500,0,64,,,,,53,,,,,,,,,,,,,,,,,,,,,,,3,,,,,,,,,,,,,,,,50000US5303,"Congressional District 3 (114th Congress), Washington",,,
ACSSF,WA,500,0,65,,,,,53,,,,,,,,,,,,,,,,,,,,,,,4,,,,,,,,,,,,,,,,50000US5304,"Congressional District 4 (114th Congress), Washington",,,
ACSSF,WA,500,0,66,,,,,53,,,,,,,,,,,,,,,,,,,,,,,5,,,,,,,,,,,,,,,,50000US5305,"Congressional District 5 (114th Congress), Washington",,,
ACSSF,WA,500,0,67,,,,,53,,,,,,,,,,,,,,,,,,,,,,,6,,,,,,,,,,,,,,,,50000US5306,"Congressional District 6 (114th Congress), Washington",,,
ACSSF,WA,500,0,68,,,,,53,,,,,,,,,,,,,,,,,,,,,,,7,,,,,,,,,,,,,,,,50000US5307,"Congressional District 7 (114th Congress), Washington",,,
ACSSF,WA,500,0,69,,,,,53,,,,,,,,,,,,,,,,,,,,,,,8,,,,,,,,,,,,,,,,50000US5308,"Congressional District 8 (114th Congress), Washington",,,
ACSSF,WA,500,0,70,,,,,53,,,,,,,,,,,,,,,,,,,,,,,9,,,,,,,,,,,,,,,,50000US5309,"Congressional District 9 (114th Congress), Washington",,,
ACSSF,WA,500,0,71,,,,,53,,,,,,,,,,,,,,,,,,,,,,,10,,,,,,,,,,,,,,,,50000US5310,"Congressional District 10 (114th Congress), Washington",,,
ACSSF,WA,795,0,72,,,,,53,,,,,,,,,,,,,,,,,,,,,,,,,,,,,,,,,,,,,10100,,79500US5310100,"Whatcom County--Bellingham City PUMA, Washington",,,
ACSSF,WA,795,0,73,,,,,53,,,,,,,,,,,,,,,,,,,,,,,,,,,,,,,,,,,,,10200,,79500US5310200,"Skagit, Island & San Juan Counties PUMA; Washington",,,
ACSSF,WA,795,0,74,,,,,53,,,,,,,,,,,,,,,,,,,,,,,,,,,,,,,,,,,,,10300,,79500US5310300,"Chelan & Douglas Counties PUMA, Washington",,,
ACSSF,WA,795,0,75,,,,,53,,,,,,,,,,,,,,,,,,,,,,,,,,,,,,,,,,,,,10400,,79500US5310400,"Stevens, Okanogan, Pend Oreille & Ferry Counties PUMA; Washington",,,
ACSSF,WA,795,0,76,,,,,53,,,,,,,,,,,,,,,,,,,,,,,,,,,,,,,,,,,,,10501,,79500US5310501,"Spokane County (North Central)--Spokane City (North) PUMA, Washington",,,
ACSSF,WA,795,0,77,,,,,53,,,,,,,,,,,,,,,,,,,,,,,,,,,,,,,,,,,,,10502,,79500US5310502,"Spokane County (South Central)--Spokane City (South) PUMA, Washington",,,
ACSSF,WA,795,0,78,,,,,53,,,,,,,,,,,,,,,,,,,,,,,,,,,,,,,,,,,,,10503,,79500US5310503,"Spokane County (East Central)--Greater Spokane Valley City PUMA, Washington",,,
ACSSF,WA,795,0,79,,,,,53,,,,,,,,,,,,,,,,,,,,,,,,,,,,,,,,,,,,,10504,,79500US5310504,"Spokane County (Outer)--Cheney City PUMA, Washington",,,
ACSSF,WA,795,0,80,,,,,53,,,,,,,,,,,,,,,,,,,,,,,,,,,,,,,,,,,,,10600,,79500US5310600,"Whitman, Asotin, Adams, Lincoln, Columbia & Garfield Counties PUMA; Washington",,,
ACSSF,WA,795,0,81,,,,,53,,,,,,,,,,,,,,,,,,,,,,,,,,,,,,,,,,,,,10701,,79500US5310701,"Benton & Franklin Counties--Pasco, Richland (North) & West Richland Cities PUMA; Washington",,,
ACSSF,WA,795,0,82,,,,,53,,,,,,,,,,,,,,,,,,,,,,,,,,,,,,,,,,,,,10702,,79500US5310702,"Benton County (East Central)--Kennewick & Richland (South) Cities PUMA, Washington",,,
ACSSF,WA,795,0,83,,,,,53,,,,,,,,,,,,,,,,,,,,,,,,,,,,,,,,,,,,,10703,,79500US5310703,"Walla Walla, Benton (Outer) & Franklin (Outer) Counties PUMA; Washington",,,
ACSSF,WA,795,0,84,,,,,53,,,,,,,,,,,,,,,,,,,,,,,,,,,,,,,,,,,,,10800,,79500US5310800,"Grant & Kittitas Counties PUMA, Washington",,,
ACSSF,WA,795,0,85,,,,,53,,,,,,,,,,,,,,,,,,,,,,,,,,,,,,,,,,,,,10901,,79500US5310901,"Yakima County (Central)--Greater Yakima City PUMA, Washington",,,
ACSSF,WA,795,0,86,,,,,53,,,,,,,,,,,,,,,,,,,,,,,,,,,,,,,,,,,,,10902,,79500US5310902,"Yakima County (Outer)--Sunnyside & Grandview Cities PUMA, Washington",,,
ACSSF,WA,795,0,87,,,,,53,,,,,,,,,,,,,,,,,,,,,,,,,,,,,,,,,,,,,11000,,79500US5311000,"Lewis, Klickitat & Skamania Counties PUMA; Washington",,,
ACSSF,WA,795,0,88,,,,,53,,,,,,,,,,,,,,,,,,,,,,,,,,,,,,,,,,,,,11101,,79500US5311101,"Clark County (Southwest)--Vancouver City (West & Central) PUMA, Washington",,,
ACSSF,WA,795,0,89,,,,,53,,,,,,,,,,,,,,,,,,,,,,,,,,,,,,,,,,,,,11102,,79500US5311102,"Clark County (West Central)--Salmon Creek & Hazel Dell PUMA, Washington",,,
ACSSF,WA,795,0,90,,,,,53,,,,,,,,,,,,,,,,,,,,,,,,,,,,,,,,,,,,,11103,,79500US5311103,"Clark County (Southeast)--Vancouver (East), Camas & Washougal Cities PUMA; Washington",,,
ACSSF,WA,795,0,91,,,,,53,,,,,,,,,,,,,,,,,,,,,,,,,,,,,,,,,,,,,11104,,79500US5311104,"Clark County (North)--Battle Ground City & Orchards PUMA, Washington",,,
ACSSF,WA,795,0,92,,,,,53,,,,,,,,,,,,,,,,,,,,,,,,,,,,,,,,,,,,,11200,,79500US5311200,"Cowlitz, Pacific & Wahkiakum Counties PUMA; Washington",,,
ACSSF,WA,795,0,93,,,,,53,,,,,,,,,,,,,,,,,,,,,,,,,,,,,,,,,,,,,11300,,79500US5311300,"Grays Harbor & Mason Counties PUMA, Washington",,,
ACSSF,WA,795,0,94,,,,,53,,,,,,,,,,,,,,,,,,,,,,,,,,,,,,,,,,,,,11401,,79500US5311401,"Thurston County (Central)--Olympia, Lacey & Tumwater Cities PUMA; Washington",,,
ACSSF,WA,795,0,95,,,,,53,,,,,,,,,,,,,,,,,,,,,,,,,,,,,,,,,,,,,11402,,79500US5311402,"Thurston County (Outer) PUMA, Washington",,,
ACSSF,WA,795,0,96,,,,,53,,,,,,,,,,,,,,,,,,,,,,,,,,,,,,,,,,,,,11501,,79500US5311501,"Pierce County (Central)--Tacoma City (Central) PUMA, Washington",,,
ACSSF,WA,795,0,97,,,,,53,,,,,,,,,,,,,,,,,,,,,,,,,,,,,,,,,,,,,11502,,79500US5311502,"Pierce County (Northwest)--Peninsula Region & Tacoma City (West) PUMA, Washington",,,
ACSSF,WA,795,0,98,,,,,53,,,,,,,,,,,,,,,,,,,,,,,,,,,,,,,,,,,,,11503,,79500US5311503,"Pierce County (West Central)--Lakewood City & Joint Base Lewis-McChord PUMA, Washington",,,
ACSSF,WA,795,0,99,,,,,53,,,,,,,,,,,,,,,,,,,,,,,,,,,,,,,,,,,,,11504,,79500US5311504,"Pierce County (South Central)--Tacoma City (South), Parkland & Spanaway PUMA; Washington",,,
ACSSF,WA,795,0,100,,,,,53,,,,,,,,,,,,,,,,,,,,,,,,,,,,,,,,,,,,,11505,,79500US5311505,"Pierce County (North Central)--Tacoma (Port) & Bonney Lake (Northwest) Cities PUMA, Washington",,,
ACSSF,WA,795,0,101,,,,,53,,,,,,,,,,,,,,,,,,,,,,,,,,,,,,,,,,,,,11506,,79500US5311506,"Pierce County (East Central)--Puyallup City & South Hill PUMA, Washington",,,
ACSSF,WA,795,0,102,,,,,53,,,,,,,,,,,,,,,,,,,,,,,,,,,,,,,,,,,,,11507,,79500US5311507,"Pierce County (Southeast)--Graham, Elk Plain & Prairie Ridge PUMA; Washington",,,
ACSSF,WA,795,0,103,,,,,53,,,,,,,,,,,,,,,,,,,,,,,,,,,,,,,,,,,,,11601,,79500US5311601,"Seattle City (Northwest) PUMA, Washington",,,
ACSSF,WA,795,0,104,,,,,53,,,,,,,,,,,,,,,,,,,,,,,,,,,,,,,,,,,,,11602,,79500US5311602,"Seattle City (Northeast) PUMA, Washington",,,
ACSSF,WA,795,0,105,,,,,53,,,,,,,,,,,,,,,,,,,,,,,,,,,,,,,,,,,,,11603,,79500US5311603,"Seattle City (Downtown)--Queen Anne & Magnolia PUMA, Washington",,,
ACSSF,WA,795,0,106,,,,,53,,,,,,,,,,,,,,,,,,,,,,,,,,,,,,,,,,,,,11604,,79500US5311604,"Seattle City (Southeast)--Capitol Hill PUMA, Washington",,,
ACSSF,WA,795,0,107,,,,,53,,,,,,,,,,,,,,,,,,,,,,,,,,,,,,,,,,,,,11605,,79500US5311605,"Seattle City (West)--Duwamish & Beacon Hill PUMA, Washington",,,
ACSSF,WA,795,0,108,,,,,53,,,,,,,,,,,,,,,,,,,,,,,,,,,,,,,,,,,,,11606,,79500US5311606,"King County (Northwest)--Shoreline, Kenmore & Bothell (South) Cities PUMA; Washington",,,
ACSSF,WA,795,0,109,,,,,53,,,,,,,,,,,,,,,,,,,,,,,,,,,,,,,,,,,,,11607,,79500US5311607,"King County (Northwest)--Redmond, Kirkland Cities, Inglewood & Finn Hill PUMA; Washington",,,
ACSSF,WA,795,0,110,,,,,53,,,,,,,,,,,,,,,,,,,,,,,,,,,,,,,,,,,,,11608,,79500US5311608,"King County (Northwest Central)--Greater Bellevue City PUMA, Washington",,,
ACSSF,WA,795,0,111,,,,,53,,,,,,,,,,,,,,,,,,,,,,,,,,,,,,,,,,,,,11609,,79500US5311609,"King County (Central)--Sammamish, Issaquah, Mercer Island & Newcastle Cities PUMA; Washington",,,
ACSSF,WA,795,0,112,,,,,53,,,,,,,,,,,,,,,,,,,,,,,,,,,,,,,,,,,,,11610,,79500US5311610,"King County (Central)--Renton City, Fairwood, Bryn Mawr & Skyway PUMA; Washington",,,
ACSSF,WA,795,0,113,,,,,53,,,,,,,,,,,,,,,,,,,,,,,,,,,,,,,,,,,,,11611,,79500US5311611,"King County (West Central)--Burien, SeaTac, Tukwila Cities & White Center PUMA; Washington",,,
ACSSF,WA,795,0,114,,,,,53,,,,,,,,,,,,,,,,,,,,,,,,,,,,,,,,,,,,,11612,,79500US5311612,"King County (Far Southwest)--Federal Way, Des Moines Cities & Vashon Island PUMA; Washington",,,
ACSSF,WA,795,0,115,,,,,53,,,,,,,,,,,,,,,,,,,,,,,,,,,,,,,,,,,,,11613,,79500US5311613,"King County (Southwest Central)--Kent City PUMA, Washington",,,
ACSSF,WA,795,0,116,,,,,53,,,,,,,,,,,,,,,,,,,,,,,,,,,,,,,,,,,,,11614,,79500US5311614,"King County (Southwest)--Auburn City & Lakeland PUMA, Washington",,,
ACSSF,WA,795,0,117,,,,,53,,,,,,,,,,,,,,,,,,,,,,,,,,,,,,,,,,,,,11615,,79500US5311615,"King County (Southeast)--Maple Valley, Covington & Enumclaw Cities PUMA; Washington",,,
ACSSF,WA,795,0,118,,,,,53,,,,,,,,,,,,,,,,,,,,,,,,,,,,,,,,,,,,,11616,,79500US5311616,"King County (Northeast)--Snoqualmie City, Cottage Lake, Union Hill & Novelty Hill PUMA; Washington",,,
ACSSF,WA,795,0,119,,,,,53,,,,,,,,,,,,,,,,,,,,,,,,,,,,,,,,,,,,,11701,,79500US5311701,"Snohomish County (Southwest)--Edmonds, Lynnwood & Mountlake Terrace Cities PUMA; Washington",,,
ACSSF,WA,795,0,120,,,,,53,,,,,,,,,,,,,,,,,,,,,,,,,,,,,,,,,,,,,11702,,79500US5311702,"Snohomish County (West Central)--Mukilteo & Everett (Southwest) Cities PUMA, Washington",,,
ACSSF,WA,795,0,121,,,,,53,,,,,,,,,,,,,,,,,,,,,,,,,,,,,,,,,,,,,11703,,79500US5311703,"Snohomish County (Central)--Everett City (Central & East) & Eastmont PUMA, Washington",,,
ACSSF,WA,795,0,122,,,,,53,,,,,,,,,,,,,,,,,,,,,,,,,,,,,,,,,,,,,11704,,79500US5311704,"Snohomish County (South Central)--Bothell (North), Mill Creek Cities & Silver Firs PUMA; Washington",,,
ACSSF,WA,795,0,123,,,,,53,,,,,,,,,,,,,,,,,,,,,,,,,,,,,,,,,,,,,11705,,79500US5311705,"Snohomish County (Central & Southeast)--Lake Stevens & Monroe Cities PUMA, Washington",,,
ACSSF,WA,795,0,124,,,,,53,,,,,,,,,,,,,,,,,,,,,,,,,,,,,,,,,,,,,11706,,79500US5311706,"Snohomish County (North)--Marysville & Arlington Cities PUMA, Washington",,,
ACSSF,WA,795,0,125,,,,,53,,,,,,,,,,,,,,,,,,,,,,,,,,,,,,,,,,,,,11801,,79500US5311801,"Kitsap County (North)--Bainbridge Island City & Silverdale PUMA, Washington",,,
ACSSF,WA,795,0,126,,,,,53,,,,,,,,,,,,,,,,,,,,,,,,,,,,,,,,,,,,,11802,,79500US5311802,"Kitsap County (South)--Bremerton & Port Orchard Cities PUMA, Washington",,,
ACSSF,WA,795,0,127,,,,,53,,,,,,,,,,,,,,,,,,,,,,,,,,,,,,,,,,,,,11900,,79500US5311900,"Clallam & Jefferson Counties PUMA, Washington",,,
ACSSF,WA,970,0,128,,,,,53,,,,,,,,,,,,,,,,,,,,,,,,,,,,,,,,300,,,,,,,97000US5300300,"Auburn School District, Washington",,,
ACSSF,WA,970,0,129,,,,,53,,,,,,,,,,,,,,,,,,,,,,,,,,,,,,,,380,,,,,,,97000US5300380,"Battle Ground School District, Washington",,,
ACSSF,WA,970,0,130,,,,,53,,,,,,,,,,,,,,,,,,,,,,,,,,,,,,,,390,,,,,,,97000US5300390,"Bellevue School District, Washington",,,
ACSSF,WA,970,0,131,,,,,53,,,,,,,,,,,,,,,,,,,,,,,,,,,,,,,,420,,,,,,,97000US5300420,"Bellingham School District, Washington",,,
ACSSF,WA,970,0,132,,,,,53,,,,,,,,,,,,,,,,,,,,,,,,,,,,,,,,480,,,,,,,97000US5300480,"Bethel School District, Washington",,,
ACSSF,WA,970,0,133,,,,,53,,,,,,,,,,,,,,,,,,,,,,,,,,,,,,,,1080,,,,,,,97000US5301080,"Central Kitsap School District, Washington",,,
ACSSF,WA,970,0,134,,,,,53,,,,,,,,,,,,,,,,,,,,,,,,,,,,,,,,1110,,,,,,,97000US5301110,"Central Valley School District, Washington",,,
ACSSF,WA,970,0,135,,,,,53,,,,,,,,,,,,,,,,,,,,,,,,,,,,,,,,1410,,,,,,,97000US5301410,"Clover Park School District, Washington",,,
ACSSF,WA,970,0,136,,,,,53,,,,,,,,,,,,,,,,,,,,,,,,,,,,,,,,2400,,,,,,,97000US5302400,"Edmonds School District, Washington",,,
ACSSF,WA,970,0,137,,,,,53,,,,,,,,,,,,,,,,,,,,,,,,,,,,,,,,2670,,,,,,,97000US5302670,"Everett School District, Washington",,,
ACSSF,WA,970,0,138,,,,,53,,,,,,,,,,,,,,,,,,,,,,,,,,,,,,,,2700,,,,,,,97000US5302700,"Evergreen School District (Clark), Washington",,,
ACSSF,WA,970,0,139,,,,,53,,,,,,,,,,,,,,,,,,,,,,,,,,,,,,,,2820,,,,,,,97000US5302820,"Federal Way School District, Washington",,,
ACSSF,WA,970,0,140,,,,,53,,,,,,,,,,,,,,,,,,,,,,,,,,,,,,,,3540,,,,,,,97000US5303540,"Highline School District, Washington",,,
ACSSF,WA,970,0,141,,,,,53,,,,,,,,,,,,,,,,,,,,,,,,,,,,,,,,3750,,,,,,,97000US5303750,"Issaquah School District, Washington",,,
ACSSF,WA,970,0,142,,,,,53,,,,,,,,,,,,,,,,,,,,,,,,,,,,,,,,3930,,,,,,,97000US5303930,"Kennewick School District, Washington",,,
ACSSF,WA,970,0,143,,,,,53,,,,,,,,,,,,,,,,,,,,,,,,,,,,,,,,3960,,,,,,,97000US5303960,"Kent School District, Washington",,,
ACSSF,WA,970,0,144,,,,,53,,,,,,,,,,,,,,,,,,,,,,,,,,,,,,,,4230,,,,,,,97000US5304230,"Lake Washington School District, Washington",,,
ACSSF,WA,970,0,145,,,,,53,,,,,,,,,,,,,,,,,,,,,,,,,,,,,,,,4860,,,,,,,97000US5304860,"Marysville School District, Washington",,,
ACSSF,WA,970,0,146,,,,,53,,,,,,,,,,,,,,,,,,,,,,,,,,,,,,,,5430,,,,,,,97000US5305430,"Mukilteo School District, Washington",,,
ACSSF,WA,970,0,147,,,,,53,,,,,,,,,,,,,,,,,,,,,,,,,,,,,,,,5850,,,,,,,97000US5305850,"North Thurston Public Schools, Washington",,,
ACSSF,WA,970,0,148,,,,,53,,,,,,,,,,,,,,,,,,,,,,,,,,,,,,,,5910,,,,,,,97000US5305910,"Northshore School District, Washington",,,
ACSSF,WA,970,0,149,,,,,53,,,,,,,,,,,,,,,,,,,,,,,,,,,,,,,,6570,,,,,,,97000US5306570,"Pasco School District, Washington",,,
ACSSF,WA,970,0,150,,,,,53,,,,,,,,,,,,,,,,,,,,,,,,,,,,,,,,6690,,,,,,,97000US5306690,"Peninsula School District, Washington",,,
ACSSF,WA,970,0,151,,,,,53,,,,,,,,,,,,,,,,,,,,,,,,,,,,,,,,6960,,,,,,,97000US5306960,"Puyallup School District, Washington",,,
ACSSF,WA,970,0,152,,,,,53,,,,,,,,,,,,,,,,,,,,,,,,,,,,,,,,7230,,,,,,,97000US5307230,"Renton School District, Washington",,,
ACSSF,WA,970,0,153,,,,,53,,,,,,,,,,,,,,,,,,,,,,,,,,,,,,,,7320,,,,,,,97000US5307320,"Richland School District, Washington",,,
ACSSF,WA,970,0,154,,,,,53,,,,,,,,,,,,,,,,,,,,,,,,,,,,,,,,7710,,,,,,,97000US5307710,"Seattle School District, Washington",,,
ACSSF,WA,970,0,155,,,,,53,,,,,,,,,,,,,,,,,,,,,,,,,,,,,,,,7920,,,,,,,97000US5307920,"Shoreline School District, Washington",,,
ACSSF,WA,970,0,156,,,,,53,,,,,,,,,,,,,,,,,,,,,,,,,,,,,,,,8250,,,,,,,97000US5308250,"Spokane Public Schools, Washington",,,
ACSSF,WA,970,0,157,,,,,53,,,,,,,,,,,,,,,,,,,,,,,,,,,,,,,,8700,,,,,,,97000US5308700,"Tacoma Public Schools, Washington",,,
ACSSF,WA,970,0,158,,,,,53,,,,,,,,,,,,,,,,,,,,,,,,,,,,,,,,9270,,,,,,,97000US5309270,"Vancouver Public Schools, Washington",,,
